row_num,Startup,Industry,SubVertical,City,Investors,InvestmentType,InvestmentAmount_USD,Date
1,AeroAnalytics,Enterprise,Analytics,Hyderabad,"Elevation Capital, Tiger Global Management",Angel,76000,2025-04-17
2,Delhivery,Enterprise,Analytics,Chennai,"Kalaari Capital, LCatterton, Zodius Capital",Angel,29000,2023-10-07
3,HealthAnalytics,Consumer Electronics,Audio,Gurugram,"Bessemer Venture Partners, Lightspeed India, Omidyar Network",Angel,51000,2024-06-01
4,FreshBox,Consumer Electronics,Audio,Delhi,"Kalaari Capital, Prosus Ventures, Sequoia Capital India",Angel,8000,2022-06-06
5,DriveFit_560,Consumer Electronics,Audio,Gurugram,"Nexus Venture Partners, Zodius Capital",Angel,41000,2021-05-27
6,EduMart,SaaS,B2B SaaS,Mumbai,Peak XV,Angel,50000,2023-07-29
7,Ola,SaaS,B2B SaaS,Kolkata,"A91 Partners, Kalaari Capital, SoftBank Vision Fund",Angel,14000,2020-10-12
8,NextSense,FoodTech,Cloud Kitchen,Delhi,"Blume Ventures, IFC, Nexus Venture Partners",Angel,15000,2023-03-04
9,NimbusMart,EdTech,Coding Bootcamp,Pune,Blume Ventures,Angel,16000,2024-09-27
10,Postman,Media,Content,Hyderabad,Zodius Capital,Angel,17000,2020-02-11
11,Zepto,Media,Content,Mumbai,SoftBank Vision Fund,Angel,5000,2021-02-07
12,NeoLabs,Media,Content,Gurugram,"SoftBank Vision Fund, Tiger Global",Angel,53000,2024-04-18
13,Ola,Media,Content,Hyderabad,Bessemer Venture Partners,Angel,99000,2021-03-05
14,Oyo,HealthTech,Diagnostics,Pune,Peak XV,Angel,24000,2021-04-06
15,Chargebee,Retail,E-Retail,Kolkata,Tiger Global Management,Angel,84000,2020-11-15
16,FarmTech,Retail,Fashion,Chennai,A91 Partners,Angel,46000,2021-09-04
17,FinFoods,E-commerce,Fashion,Bengaluru,"Bessemer Venture Partners, Info Edge, Omidyar Network",Angel,15000,2024-09-11
18,AeroAnalytics,E-commerce,Fashion,Delhi,LCatterton,Angel,77000,2023-01-09
19,AgriFit,Retail,Fashion,Hyderabad,"Accel, IFC, Omidyar Network",Angel,10000,2024-10-13
20,CloudPay,Logistics,Fleet Management,Noida,Prosus Ventures,Angel,6000,2022-05-30
21,AgriSense,FoodTech,Food Delivery,Ahmedabad,Elevation Capital,Angel,27000,2024-04-10
22,HealthAnalytics_1095,FoodTech,Food Delivery,Pune,"Lightspeed India, Mirae Asset, Prosus Ventures",Angel,8000,2020-11-24
23,LogiMart,E-commerce,Grocery,Pune,"Blume Ventures, Tiger Global, Y Combinator",Angel,16000,2024-04-04
24,CloudSolutions_682,E-commerce,Grocery,Delhi,Prosus Ventures,Angel,8000,2024-02-22
25,UrbanStack,E-commerce,Grocery,Gurugram,"Falcon Edge, Mirae Asset, Y Combinator",Angel,9000,2020-09-15
26,ClearDekho,SaaS,HRTech,Kolkata,"Bessemer Venture Partners, Prosus Ventures",Angel,33000,2025-06-08
27,BlueTech,HealthTech,Health Analytics,Noida,Falcon Edge,Angel,26000,2020-04-23
28,Practo,RealEstate,Home Services,Noida,Tiger Global,Angel,81000,2023-08-13
29,MediSpace,SaaS,MarTech,Gurugram,"Matrix Partners India, Tiger Global",Angel,10000,2023-06-10
30,Freshworks,AgriTech,Marketplace,Delhi,Tiger Global Management,Angel,12000,2021-04-29
31,AutoMart,AgriTech,Marketplace,Bengaluru,"LCatterton, Zodius Capital",Angel,5000,2024-03-06
32,FoodLoop,AgriTech,Marketplace,Pune,"Kedaara Capital, Mirae Asset",Angel,25000,2023-06-12
33,GreenMart,E-commerce,Marketplace,Ahmedabad,"Kalaari Capital, Ventures India",Angel,81000,2020-11-11
34,FinSense,AgriTech,Marketplace,Noida,"Peak XV, Zodius Capital",Angel,17000,2022-12-04
35,NeoTech,Mobility,Micro Mobility,Noida,"Prosus Ventures, Y Combinator",Angel,20000,2022-07-14
36,DriveLoop,FinTech,NeoBank,Mumbai,Falcon Edge,Angel,6000,2022-11-17
37,AgriHive,FinTech,Payments,Mumbai,"Nexus Venture Partners, Prosus Ventures",Angel,14000,2024-09-06
38,FinSense,HealthTech,Pharmacy,Pune,"Matrix Partners India, Ventures India",Angel,32000,2025-05-10
39,HealthAnalytics,HealthTech,Pharmacy,Ahmedabad,Omidyar Network,Angel,99000,2023-04-14
40,Housejoy,RealEstate,PropTech,Kolkata,"Kalaari Capital, Kedaara Capital",Angel,6000,2021-08-20
41,Cars24,RealEstate,PropTech,Gurugram,"Nexus Venture Partners, Y Combinator",Angel,18000,2022-04-22
42,SmartCare,E-commerce,Quick Commerce,Gurugram,"Kedaara Capital, Y Combinator",Angel,18000,2022-11-30
43,Meesho,RealEstate,Rental Tech,Delhi,"Info Edge, LCatterton, Lightspeed India",Angel,26000,2023-06-15
44,SmartMart,RealEstate,Rental Tech,Delhi,"Accel, Mirae Asset, Ribbit Capital",Angel,21000,2022-12-15
45,HyperLabs,Mobility,Ride Sharing,Chennai,Tiger Global,Angel,29000,2021-01-24
46,Porter,Mobility,Ride Sharing,Delhi,Tiger Global,Angel,9000,2024-08-19
47,Groww,Mobility,Ride Sharing,Pune,"A91 Partners, IFC",Angel,46000,2020-09-27
48,Myntra,Mobility,Ride Sharing,Mumbai,"Omidyar Network, SoftBank Vision Fund",Angel,9000,2024-01-17
49,AutoStack,Enterprise,Security,Gurugram,"A91 Partners, Ribbit Capital, Ventures India",Angel,7000,2023-12-14
50,DataHive,AgriTech,Smart Farming,Bengaluru,"LCatterton, Omidyar Network, Sequoia Capital India",Angel,18000,2020-09-30
51,Unacademy,Consumer Electronics,Smart Home,Ahmedabad,Info Edge,Angel,19000,2023-12-18
52,EduTech,Media,Streaming,Pune,SoftBank Vision Fund,Angel,23000,2020-07-09
53,Zepto,Media,Streaming,Bengaluru,IFC,Angel,69000,2024-05-08
54,CRED,Logistics,Supply Chain,Pune,Zodius Capital,Angel,13000,2022-11-05
55,DriveFit,Logistics,Supply Chain,Mumbai,Elevation Capital,Angel,25000,2024-03-29
56,MediHive,AgriTech,Supply Chain,Chennai,"LCatterton, Prosus Ventures",Angel,23000,2021-05-19
57,AeroHub,AgriTech,Supply Chain,Noida,"Blume Ventures, Info Edge",Angel,12000,2024-11-29
58,Licious,HealthTech,Telemedicine,Mumbai,"IFC, Mirae Asset, Sequoia Capital India",Angel,67000,2023-10-16
59,NeoSense,EdTech,Test Prep,Kolkata,"Kalaari Capital, Nexus Venture Partners, Peak XV",Angel,10000,2021-09-10
60,CloudSolutions_576,EdTech,Test Prep,Bengaluru,"Accel, LCatterton, Mirae Asset",Angel,8000,2021-03-03
61,EduMart,EdTech,UpSkilling,Kolkata,Prosus Ventures,Angel,37000,2021-02-01
62,UrbanStack,Consumer Electronics,Wearables,Chennai,A91 Partners,Angel,65000,2021-01-01
63,Rapido,Enterprise,Analytics,Ahmedabad,LCatterton,Bridge,196000,2023-07-29
64,FreshToHome,Enterprise,Automation,Pune,"Accel, Kalaari Capital, Peak XV",Bridge,208000,2022-02-04
65,HealthWorks,SaaS,B2B SaaS,Hyderabad,Info Edge,Bridge,145000,2021-06-26
66,HealthRise,SaaS,B2B SaaS,Noida,LCatterton,Bridge,1271000,2023-10-13
67,InMobi,Media,Content,Chennai,"Accel, Mirae Asset",Bridge,1012000,2022-10-21
68,UrbanSolutions,Media,Content,Pune,Sequoia Capital India,Bridge,168000,2022-07-05
69,GrowthConnect,Media,Content,Ahmedabad,Y Combinator,Bridge,1071000,2023-07-08
70,DriveEdge,E-commerce,D2C,Gurugram,"A91 Partners, Peak XV",Bridge,1129000,2022-04-18
71,AeroHub,E-commerce,D2C,Ahmedabad,Accel,Bridge,60000,2023-08-01
72,NeoTech,SaaS,DevTools,Chennai,Matrix Partners India,Bridge,121000,2023-09-09
73,Porter,HealthTech,Diagnostics,Kolkata,IFC,Bridge,1201000,2022-08-23
74,SmartCare,HealthTech,Diagnostics,Noida,"Info Edge, Sequoia Capital India",Bridge,84000,2025-05-22
75,AeroStack,Mobility,EV,Pune,"IFC, Peak XV",Bridge,1790000,2024-07-02
76,AgriFit,Mobility,EV,Hyderabad,"Elevation Capital, IFC, Zodius Capital",Bridge,70000,2022-12-02
77,CoreConnect,Retail,Fashion,Delhi,"Info Edge, Prosus Ventures",Bridge,208000,2020-10-19
78,QuantumSolutions,Logistics,Fleet Management,Kolkata,Prosus Ventures,Bridge,366000,2023-10-05
79,WorkFit,FoodTech,Food Delivery,Ahmedabad,Tiger Global,Bridge,219000,2024-02-27
80,Udaan,FoodTech,Food Delivery,Gurugram,Bessemer Venture Partners,Bridge,1256000,2023-08-04
81,Nykaa,Retail,Grocery,Delhi,IFC,Bridge,59000,2025-06-24
82,CureFit,RealEstate,Home Services,Noida,Kalaari Capital,Bridge,189000,2021-10-03
83,HomeAnalytics,Logistics,Last Mile,Noida,"Info Edge, LCatterton, Ribbit Capital",Bridge,1461000,2024-12-06
84,WorkPay,FinTech,Lending,Noida,IFC,Bridge,285000,2021-11-10
85,HealthRise,HealthTech,Pharmacy,Hyderabad,"Kalaari Capital, Omidyar Network, Peak XV",Bridge,1426000,2023-12-01
86,InMobi,HealthTech,Pharmacy,Chennai,"Mirae Asset, Ribbit Capital, Y Combinator",Bridge,55000,2024-09-02
87,MediWorks,RealEstate,PropTech,Ahmedabad,"Matrix Partners India, Omidyar Network, Y Combinator",Bridge,99000,2022-08-10
88,HyperLoop,RealEstate,PropTech,Delhi,"A91 Partners, Mirae Asset",Bridge,127000,2023-07-10
89,NextFlow,E-commerce,Quick Commerce,Bengaluru,Ribbit Capital,Bridge,376000,2021-02-12
90,BlueTech,Mobility,Ride Sharing,Kolkata,"Bessemer Venture Partners, Zodius Capital",Bridge,1333000,2021-03-05
91,WorkPay_557,Mobility,Ride Sharing,Delhi,Nexus Venture Partners,Bridge,56000,2021-07-31
92,GreenEdge,Enterprise,Security,Hyderabad,Peak XV,Bridge,1769000,2020-02-01
93,Groww,Enterprise,Security,Mumbai,"Accel, Kedaara Capital",Bridge,307000,2025-05-21
94,AgriFit,AgriTech,Smart Farming,Delhi,Mirae Asset,Bridge,137000,2023-10-31
95,FinFoods,Consumer Electronics,Smart Home,Delhi,Zodius Capital,Bridge,474000,2022-07-11
96,SmartTech,Media,Social,Chennai,"Accel, Blume Ventures, Kedaara Capital",Bridge,396000,2024-04-06
97,FreshSolutions,Media,Streaming,Delhi,Prosus Ventures,Bridge,70000,2025-01-16
98,MediHive,EdTech,Test Prep,Noida,IFC,Bridge,1758000,2023-06-21
99,CloudLabs,Consumer Electronics,Wearables,Ahmedabad,"Accel, Elevation Capital",Bridge,136000,2022-12-10
100,HealthAnalytics,Consumer Electronics,Wearables,Delhi,"Accel, Tiger Global",Bridge,141000,2021-06-01
101,Postman,Consumer Electronics,Wearables,Mumbai,"IFC, Omidyar Network",Bridge,117000,2024-05-19
102,HealthAnalytics,Enterprise,Automation,Ahmedabad,Info Edge,Debt,9315000,2022-09-29
103,DriveFit,Enterprise,Automation,Delhi,"Prosus Ventures, SoftBank Vision Fund",Debt,2677000,2023-01-27
104,NoBroker,FoodTech,Cloud Kitchen,Bengaluru,"Blume Ventures, Ventures India",Debt,19590000,2022-03-24
105,Ola,EdTech,Coding Bootcamp,Hyderabad,IFC,Debt,28306000,2022-05-26
106,HealthWorks_839,EdTech,Coding Bootcamp,Pune,"Omidyar Network, Tiger Global Management, Ventures India",Debt,5087000,2025-04-07
107,FarmBox,SaaS,DevTools,Bengaluru,"Accel, Info Edge, Prosus Ventures",Debt,3755000,2022-10-03
108,Udaan,HealthTech,Diagnostics,Noida,"Mirae Asset, Tiger Global",Debt,1904000,2025-05-07
109,BigBasket,HealthTech,Diagnostics,Delhi,"Accel, Sequoia Capital India, Ventures India",Debt,254000,2022-05-20
110,Wakefit,HealthTech,Health Analytics,Bengaluru,"IFC, Matrix Partners India, Nexus Venture Partners",Debt,744000,2024-11-10
111,Groww,FinTech,InsurTech,Ahmedabad,Falcon Edge,Debt,374000,2020-07-23
112,NextSense,FinTech,InsurTech,Gurugram,IFC,Debt,39642000,2025-02-05
113,WorkFit,Logistics,Last Mile,Bengaluru,"Info Edge, LCatterton, Nexus Venture Partners",Debt,5995000,2021-02-08
114,AgriHive,E-commerce,Marketplace,Noida,Mirae Asset,Debt,201000,2024-03-17
115,NimbusLabs,AgriTech,Marketplace,Noida,"Falcon Edge, Kalaari Capital",Debt,1018000,2020-03-16
116,Unacademy,FinTech,Payments,Chennai,"Elevation Capital, Kedaara Capital, Prosus Ventures",Debt,26070000,2020-11-26
117,EduMart_176,Enterprise,Security,Ahmedabad,"Peak XV, Tiger Global, Tiger Global Management",Debt,7325000,2021-07-16
118,FoodLoop,Media,Social,Hyderabad,"Mirae Asset, Zodius Capital",Debt,22303000,2023-12-17
119,CloudSolutions,AgriTech,Supply Chain,Ahmedabad,Ribbit Capital,Debt,176000,2023-09-17
120,WorkPay,EdTech,UpSkilling,Chennai,"IFC, Nexus Venture Partners",Debt,3529000,2025-01-02
121,QuantumAnalytics,Consumer Electronics,Wearables,Ahmedabad,"Omidyar Network, Ribbit Capital",Debt,14625000,2021-09-17
122,HealthRise,Consumer Electronics,Wearables,Delhi,Zodius Capital,Debt,3346000,2023-11-02
123,SkillRise,Enterprise,Automation,Hyderabad,Falcon Edge,Growth,183477000,2022-05-15
124,HomeFoods,Enterprise,Automation,Kolkata,Mirae Asset,Growth,407801000,2021-03-19
125,CoreFlow,FoodTech,Cloud Kitchen,Ahmedabad,Sequoia Capital India,Growth,138147000,2024-02-27
126,GrowthCare,FoodTech,Cloud Kitchen,Delhi,"Prosus Ventures, Zodius Capital",Growth,382414000,2021-09-26
127,BlueRise,SaaS,DevTools,Chennai,"Lightspeed India, Peak XV",Growth,165015000,2025-04-18
128,NextSense,Mobility,EV,Kolkata,Accel,Growth,533548000,2022-10-15
129,Paytm,Mobility,EV,Pune,"Info Edge, Peak XV",Growth,438231000,2023-11-29
130,EduTech,Mobility,EV,Pune,SoftBank Vision Fund,Growth,288051000,2020-09-27
131,NeoLabs_904,Mobility,EV,Mumbai,A91 Partners,Growth,152047000,2022-05-05
132,FreshBox,FoodTech,Food Delivery,Chennai,Tiger Global Management,Growth,154344000,2024-01-16
133,NeoLabs,FoodTech,Food Delivery,Chennai,Zodius Capital,Growth,124717000,2024-08-06
134,DataEdge,E-commerce,Grocery,Hyderabad,"Falcon Edge, Sequoia Capital India",Growth,160008000,2020-08-05
135,MediSpace,HealthTech,Health Analytics,Kolkata,SoftBank Vision Fund,Growth,62547000,2020-06-02
136,Bounce,AgriTech,Marketplace,Pune,Kalaari Capital,Growth,556750000,2020-01-26
137,Zomato,AgriTech,Marketplace,Noida,"A91 Partners, Bessemer Venture Partners, Matrix Partners India",Growth,58010000,2024-02-29
138,CoreConnect,AgriTech,Marketplace,Bengaluru,"Lightspeed India, Peak XV, Zodius Capital",Growth,113169000,2024-01-30
139,Flipkart,Mobility,Micro Mobility,Kolkata,"Lightspeed India, Nexus Venture Partners, Tiger Global",Growth,76432000,2024-02-15
140,Lenskart,FinTech,Payments,Pune,"IFC, Mirae Asset",Growth,197383000,2021-10-28
141,Wakefit,HealthTech,Pharmacy,Ahmedabad,"Elevation Capital, Omidyar Network, Prosus Ventures",Growth,411602000,2020-04-20
142,QuantumAnalytics,RealEstate,Rental Tech,Kolkata,"Ribbit Capital, Tiger Global",Growth,372329000,2020-03-14
143,BharatPe,Consumer Electronics,Smart Home,Pune,"IFC, Kalaari Capital, Sequoia Capital India",Growth,566555000,2024-04-19
144,CoreSpace,EdTech,Test Prep,Bengaluru,"Kalaari Capital, Y Combinator",Growth,574676000,2024-02-04
145,QuantumAnalytics_589,FinTech,WealthTech,Pune,"Nexus Venture Partners, Peak XV",Growth,74657000,2022-06-08
146,FinSpace,Consumer Electronics,Wearables,Gurugram,Blume Ventures,Growth,491721000,2025-01-22
147,GrowthConnect,Consumer Electronics,Wearables,Bengaluru,"Falcon Edge, Tiger Global Management",Growth,419740000,2021-05-18
148,GreenMart,Consumer Electronics,Audio,Mumbai,"Falcon Edge, Prosus Ventures",Pre-Seed,178000,2023-08-07
149,Dream11,Consumer Electronics,Audio,Ahmedabad,"Bessemer Venture Partners, Omidyar Network, Sequoia Capital India",Pre-Seed,52000,2020-07-23
150,DriveEdge,SaaS,B2B SaaS,Ahmedabad,IFC,Pre-Seed,29000,2022-11-11
151,FoodFit,EdTech,Coding Bootcamp,Mumbai,Kalaari Capital,Pre-Seed,158000,2021-03-02
152,Dailyhunt,Media,Content,Mumbai,"Bessemer Venture Partners, Kedaara Capital",Pre-Seed,84000,2023-07-14
153,FoodLoop,Media,Content,Ahmedabad,Peak XV,Pre-Seed,88000,2023-12-05
154,FoodLoop,E-commerce,D2C,Kolkata,Kedaara Capital,Pre-Seed,25000,2021-03-05
155,CloudLabs,SaaS,DevTools,Hyderabad,Elevation Capital,Pre-Seed,135000,2022-12-29
156,PharmEasy,SaaS,DevTools,Ahmedabad,Tiger Global Management,Pre-Seed,149000,2024-10-24
157,LogiMart,SaaS,DevTools,Ahmedabad,"Ribbit Capital, SoftBank Vision Fund, Tiger Global Management",Pre-Seed,76000,2023-08-14
158,Meesho,Retail,E-Retail,Delhi,"Info Edge, Ribbit Capital, Tiger Global Management",Pre-Seed,127000,2020-06-09
159,NimbusWorks,Mobility,EV,Kolkata,"Falcon Edge, Lightspeed India, Peak XV",Pre-Seed,21000,2025-01-13
160,CureFit,Mobility,EV,Kolkata,"Blume Ventures, Y Combinator",Pre-Seed,122000,2023-07-30
161,UrbanStack,Retail,Fashion,Gurugram,"IFC, Lightspeed India, Ventures India",Pre-Seed,43000,2020-01-09
162,Dream11,Retail,Fashion,Noida,Prosus Ventures,Pre-Seed,187000,2020-05-14
163,Byju's,Retail,Fashion,Ahmedabad,Y Combinator,Pre-Seed,24000,2024-10-03
164,FreshTech,Retail,Fashion,Delhi,"Matrix Partners India, Omidyar Network",Pre-Seed,135000,2024-12-28
165,CloudPay,FoodTech,Food Delivery,Delhi,Prosus Ventures,Pre-Seed,154000,2022-10-13
166,Dailyhunt,E-commerce,Grocery,Kolkata,"IFC, Tiger Global Management",Pre-Seed,26000,2020-10-22
167,DataHive,E-commerce,Grocery,Delhi,"Falcon Edge, Tiger Global Management",Pre-Seed,64000,2023-12-20
168,PhonePe,FoodTech,Grocery,Noida,Elevation Capital,Pre-Seed,38000,2020-12-14
169,WorkStack,SaaS,HRTech,Pune,IFC,Pre-Seed,27000,2020-09-05
170,DataAnalytics,RealEstate,Home Services,Ahmedabad,Mirae Asset,Pre-Seed,107000,2024-03-28
171,SmartCare,FinTech,InsurTech,Ahmedabad,"Blume Ventures, Nexus Venture Partners, Tiger Global",Pre-Seed,36000,2023-12-07
172,WorkPay,FinTech,InsurTech,Bengaluru,"Falcon Edge, Sequoia Capital India, Ventures India",Pre-Seed,29000,2022-08-21
173,CoreFlow,EdTech,K12,Pune,"Peak XV, Y Combinator",Pre-Seed,105000,2020-10-25
174,Bounce,Logistics,Last Mile,Chennai,"Bessemer Venture Partners, Lightspeed India",Pre-Seed,114000,2024-10-14
175,HomeAnalytics,Logistics,Last Mile,Bengaluru,Peak XV,Pre-Seed,64000,2020-07-07
176,WorkFit,Logistics,Last Mile,Pune,"Mirae Asset, Ventures India",Pre-Seed,42000,2021-04-25
177,AgriHive,FinTech,Lending,Mumbai,"Mirae Asset, Omidyar Network",Pre-Seed,34000,2023-09-13
178,NextStack,SaaS,MarTech,Ahmedabad,"Kalaari Capital, Mirae Asset",Pre-Seed,68000,2023-12-20
179,CoreConnect,AgriTech,Marketplace,Chennai,Prosus Ventures,Pre-Seed,196000,2024-12-26
180,AgriSense,Mobility,Micro Mobility,Mumbai,Blume Ventures,Pre-Seed,146000,2025-04-04
181,NextStack,Mobility,Micro Mobility,Pune,"Mirae Asset, Y Combinator",Pre-Seed,192000,2020-03-18
182,LogiSense,FinTech,NeoBank,Hyderabad,"A91 Partners, Sequoia Capital India",Pre-Seed,112000,2022-10-16
183,BlueTech,FinTech,Payments,Mumbai,"Accel, Info Edge",Pre-Seed,53000,2020-07-19
184,Bounce,HealthTech,Pharmacy,Ahmedabad,Nexus Venture Partners,Pre-Seed,47000,2024-09-07
185,Swiggy,HealthTech,Pharmacy,Bengaluru,SoftBank Vision Fund,Pre-Seed,142000,2024-07-27
186,AutoStack,E-commerce,Quick Commerce,Delhi,Omidyar Network,Pre-Seed,127000,2024-06-05
187,GrowthFlow,RealEstate,Rental Tech,Hyderabad,"LCatterton, Ventures India, Y Combinator",Pre-Seed,20000,2021-07-13
188,Byju's,RealEstate,Rental Tech,Mumbai,Omidyar Network,Pre-Seed,164000,2022-06-03
189,Zomato,RealEstate,Rental Tech,Delhi,"Blume Ventures, Mirae Asset",Pre-Seed,63000,2023-11-12
190,HealthAnalytics,Mobility,Ride Sharing,Hyderabad,IFC,Pre-Seed,86000,2021-03-30
191,Innovaccer,Enterprise,Security,Bengaluru,Ribbit Capital,Pre-Seed,54000,2024-04-28
192,SmartMart,AgriTech,Smart Farming,Delhi,"Elevation Capital, Matrix Partners India",Pre-Seed,148000,2025-03-26
193,HomeMart_208,Media,Social,Gurugram,"Nexus Venture Partners, Prosus Ventures",Pre-Seed,20000,2021-10-04
194,GrowthCare,AgriTech,Supply Chain,Chennai,A91 Partners,Pre-Seed,100000,2020-03-29
195,CloudLabs,EdTech,Test Prep,Gurugram,Kedaara Capital,Pre-Seed,144000,2020-04-13
196,Myntra,EdTech,Test Prep,Noida,A91 Partners,Pre-Seed,37000,2023-03-26
197,CRED,FinTech,WealthTech,Gurugram,"Falcon Edge, Ribbit Capital",Pre-Seed,82000,2020-05-03
198,LogiSense,Consumer Electronics,Wearables,Bengaluru,"Peak XV, Sequoia Capital India",Pre-Seed,21000,2023-07-06
199,Mobikwik,Enterprise,Analytics,Noida,"Blume Ventures, Mirae Asset",Pre-Series A,147000,2020-04-14
200,DataHive,Consumer Electronics,Audio,Delhi,"A91 Partners, Falcon Edge, Zodius Capital",Pre-Series A,266000,2023-12-04
201,NeoSense_1062,Enterprise,Automation,Delhi,Kalaari Capital,Pre-Series A,587000,2023-12-06
202,Swiggy,SaaS,B2B SaaS,Mumbai,"Elevation Capital, SoftBank Vision Fund",Pre-Series A,191000,2022-03-24
203,DriveFit,SaaS,B2B SaaS,Pune,Y Combinator,Pre-Series A,417000,2024-01-06
204,Cars24,FoodTech,Cloud Kitchen,Ahmedabad,"Blume Ventures, Prosus Ventures",Pre-Series A,209000,2023-03-14
205,AeroStack,EdTech,Coding Bootcamp,Delhi,"Matrix Partners India, Peak XV",Pre-Series A,143000,2021-07-24
206,CloudPay,EdTech,Coding Bootcamp,Bengaluru,Mirae Asset,Pre-Series A,181000,2023-03-18
207,HealthAnalytics,EdTech,Coding Bootcamp,Ahmedabad,"A91 Partners, Y Combinator",Pre-Series A,193000,2021-10-13
208,Dream11,Media,Content,Bengaluru,"Elevation Capital, Info Edge, Matrix Partners India",Pre-Series A,175000,2023-10-17
209,Groww,E-commerce,D2C,Delhi,"Blume Ventures, Kalaari Capital, Y Combinator",Pre-Series A,645000,2024-05-24
210,Wakefit,E-commerce,D2C,Noida,"Lightspeed India, Tiger Global",Pre-Series A,426000,2024-03-29
211,AgriSense,E-commerce,D2C,Pune,"Peak XV, Zodius Capital",Pre-Series A,105000,2023-03-11
212,NimbusMart,E-commerce,D2C,Delhi,Y Combinator,Pre-Series A,356000,2021-10-25
213,Freshworks,E-commerce,D2C,Mumbai,Nexus Venture Partners,Pre-Series A,972000,2021-11-14
214,CoreFlow,SaaS,DevTools,Hyderabad,"Elevation Capital, SoftBank Vision Fund, Ventures India",Pre-Series A,680000,2023-10-07
215,Licious,HealthTech,Diagnostics,Hyderabad,Matrix Partners India,Pre-Series A,119000,2023-04-07
216,Innovaccer,Mobility,EV,Bengaluru,SoftBank Vision Fund,Pre-Series A,140000,2021-01-04
217,DriveEdge_29,Retail,Fashion,Gurugram,"LCatterton, Prosus Ventures, Ribbit Capital",Pre-Series A,111000,2020-05-23
218,FreshSolutions_178,Retail,Fashion,Pune,"Nexus Venture Partners, Sequoia Capital India",Pre-Series A,864000,2025-04-28
219,DataAnalytics_423,E-commerce,Fashion,Kolkata,Mirae Asset,Pre-Series A,312000,2023-01-25
220,SkillRise,Retail,Fashion,Ahmedabad,"Blume Ventures, IFC, Prosus Ventures",Pre-Series A,288000,2022-07-28
221,SkillFlow,Retail,Fashion,Chennai,"Peak XV, Tiger Global Management",Pre-Series A,886000,2023-09-27
222,SkillFlow_806,Retail,Fashion,Kolkata,Ribbit Capital,Pre-Series A,860000,2021-12-12
223,NeoTech,Logistics,Fleet Management,Gurugram,"Kalaari Capital, Mirae Asset, Prosus Ventures",Pre-Series A,132000,2023-06-20
224,QuantumDrive,FoodTech,Food Delivery,Chennai,"IFC, Nexus Venture Partners",Pre-Series A,528000,2023-10-30
225,DriveEdge,FoodTech,Food Delivery,Kolkata,"Lightspeed India, Y Combinator",Pre-Series A,196000,2020-03-18
226,NoBroker,FoodTech,Grocery,Chennai,Falcon Edge,Pre-Series A,383000,2023-08-31
227,MediHive,E-commerce,Grocery,Bengaluru,"Accel, Bessemer Venture Partners, Kalaari Capital",Pre-Series A,411000,2021-02-24
228,UrbanSolutions,FoodTech,Grocery,Hyderabad,"Kedaara Capital, Ventures India",Pre-Series A,142000,2023-02-12
229,Delhivery,FoodTech,Grocery,Delhi,"Info Edge, Ventures India",Pre-Series A,313000,2021-01-02
230,FarmFit,SaaS,HRTech,Bengaluru,Matrix Partners India,Pre-Series A,110000,2020-05-18
231,QuantumAnalytics,SaaS,HRTech,Chennai,Matrix Partners India,Pre-Series A,837000,2023-09-16
232,NimbusLabs,HealthTech,Health Analytics,Gurugram,Elevation Capital,Pre-Series A,123000,2021-06-13
233,Meesho,RealEstate,Home Services,Pune,"Falcon Edge, Tiger Global Management",Pre-Series A,739000,2021-03-23
234,NeoTech,RealEstate,Home Services,Gurugram,"Accel, Lightspeed India, Ribbit Capital",Pre-Series A,103000,2020-04-16
235,Byju's,RealEstate,Home Services,Ahmedabad,Kalaari Capital,Pre-Series A,279000,2020-05-17
236,SmartTech,FinTech,InsurTech,Chennai,"A91 Partners, Sequoia Capital India, SoftBank Vision Fund",Pre-Series A,131000,2024-06-02
237,DriveFit,EdTech,K12,Ahmedabad,Mirae Asset,Pre-Series A,771000,2020-04-13
238,Zepto,Logistics,Last Mile,Mumbai,Y Combinator,Pre-Series A,268000,2025-06-07
239,CoreSpace,SaaS,MarTech,Ahmedabad,Zodius Capital,Pre-Series A,377000,2023-03-18
240,Ola,AgriTech,Marketplace,Noida,"Blume Ventures, Info Edge",Pre-Series A,483000,2025-01-31
241,Udaan,AgriTech,Marketplace,Gurugram,Kalaari Capital,Pre-Series A,439000,2021-08-14
242,SkillSolutions,AgriTech,Marketplace,Noida,"Peak XV, Zodius Capital",Pre-Series A,168000,2025-06-30
243,FinSense,AgriTech,Marketplace,Chennai,Bessemer Venture Partners,Pre-Series A,518000,2022-05-29
244,DataEdge,Mobility,Micro Mobility,Noida,Y Combinator,Pre-Series A,736000,2020-02-23
245,Meesho,Mobility,Micro Mobility,Kolkata,Info Edge,Pre-Series A,349000,2023-04-22
246,LogiMart,FinTech,NeoBank,Mumbai,"Falcon Edge, Peak XV",Pre-Series A,933000,2023-04-10
247,PhonePe,FinTech,NeoBank,Noida,"Falcon Edge, Kedaara Capital",Pre-Series A,497000,2020-02-04
248,SmartCare,FinTech,NeoBank,Ahmedabad,Elevation Capital,Pre-Series A,426000,2023-01-26
249,WorkPay,FinTech,NeoBank,Hyderabad,"IFC, Kedaara Capital",Pre-Series A,126000,2024-12-19
250,SkillFlow_602,RealEstate,PropTech,Mumbai,"IFC, Prosus Ventures",Pre-Series A,150000,2021-07-09
251,GrowthFlow,RealEstate,PropTech,Chennai,Zodius Capital,Pre-Series A,394000,2025-03-17
252,SmartTech,E-commerce,Quick Commerce,Gurugram,"Accel, Info Edge",Pre-Series A,123000,2024-06-13
253,LogiSense,E-commerce,Quick Commerce,Hyderabad,"Kalaari Capital, Mirae Asset",Pre-Series A,457000,2024-01-08
254,NextFlow,E-commerce,Quick Commerce,Bengaluru,"IFC, Tiger Global Management",Pre-Series A,104000,2024-02-09
255,Flipkart,E-commerce,Quick Commerce,Bengaluru,"Accel, Lightspeed India",Pre-Series A,788000,2020-09-23
256,Nykaa,RealEstate,Rental Tech,Noida,"Accel, Blume Ventures, Kalaari Capital",Pre-Series A,195000,2024-02-29
257,GreenEdge,RealEstate,Rental Tech,Ahmedabad,Falcon Edge,Pre-Series A,671000,2020-07-28
258,QuantumAnalytics,RealEstate,Rental Tech,Gurugram,Info Edge,Pre-Series A,319000,2023-03-19
259,SmartMart_989,RealEstate,Rental Tech,Kolkata,"IFC, Kalaari Capital",Pre-Series A,659000,2024-03-07
260,SkillFlow,Mobility,Ride Sharing,Pune,"Mirae Asset, Prosus Ventures",Pre-Series A,132000,2021-08-03
261,CRED,Mobility,Ride Sharing,Bengaluru,"Falcon Edge, Nexus Venture Partners",Pre-Series A,113000,2023-11-12
262,Swiggy,Mobility,Ride Sharing,Pune,"Info Edge, Ventures India",Pre-Series A,222000,2024-02-02
263,GrowthConnect,AgriTech,Smart Farming,Bengaluru,"SoftBank Vision Fund, Y Combinator",Pre-Series A,876000,2023-06-14
264,DataAnalytics,Consumer Electronics,Smart Home,Noida,Matrix Partners India,Pre-Series A,106000,2022-02-15
265,SkillRise,Consumer Electronics,Smart Home,Bengaluru,Elevation Capital,Pre-Series A,164000,2023-03-28
266,AeroHub,Media,Social,Mumbai,"Mirae Asset, Tiger Global",Pre-Series A,313000,2021-11-08
267,Nykaa,Media,Social,Ahmedabad,Info Edge,Pre-Series A,611000,2022-07-26
268,MediHive,Media,Social,Chennai,"Accel, Mirae Asset",Pre-Series A,446000,2020-07-26
269,BigBasket,Media,Streaming,Hyderabad,Info Edge,Pre-Series A,320000,2022-02-10
270,NoBroker,Media,Streaming,Mumbai,A91 Partners,Pre-Series A,557000,2022-05-27
271,SkillFlow,Media,Streaming,Hyderabad,Blume Ventures,Pre-Series A,253000,2024-10-13
272,BlueTech,Media,Streaming,Delhi,"Info Edge, Sequoia Capital India",Pre-Series A,235000,2021-10-24
273,HomeMart,AgriTech,Supply Chain,Kolkata,"Kedaara Capital, Lightspeed India",Pre-Series A,643000,2023-07-13
274,DriveLoop,Logistics,Supply Chain,Noida,"Elevation Capital, Prosus Ventures",Pre-Series A,262000,2022-01-18
275,GrowthFlow,AgriTech,Supply Chain,Kolkata,"Mirae Asset, Ribbit Capital",Pre-Series A,977000,2024-06-11
276,NimbusWorks,HealthTech,Telemedicine,Chennai,Zodius Capital,Pre-Series A,126000,2022-07-23
277,DriveLoop,HealthTech,Telemedicine,Mumbai,Peak XV,Pre-Series A,585000,2022-08-28
278,Flipkart,EdTech,Test Prep,Kolkata,"IFC, Ribbit Capital",Pre-Series A,448000,2024-06-16
279,AgriHive,EdTech,Test Prep,Ahmedabad,Peak XV,Pre-Series A,170000,2025-03-05
280,SkillRise,EdTech,UpSkilling,Gurugram,Mirae Asset,Pre-Series A,710000,2024-09-02
281,UrbanDrive,EdTech,UpSkilling,Mumbai,"LCatterton, Ventures India",Pre-Series A,753000,2021-05-05
282,GrowthFlow,EdTech,UpSkilling,Mumbai,Zodius Capital,Pre-Series A,198000,2020-06-17
283,Bounce,FinTech,WealthTech,Kolkata,Nexus Venture Partners,Pre-Series A,646000,2021-07-06
284,HyperSpace,FinTech,WealthTech,Pune,Tiger Global,Pre-Series A,753000,2025-02-10
285,Dunzo,Consumer Electronics,Wearables,Noida,Blume Ventures,Pre-Series A,111000,2022-10-20
286,BlueSpace,Consumer Electronics,Wearables,Chennai,Elevation Capital,Pre-Series A,524000,2022-10-15
287,SmartCare,FoodTech,Cloud Kitchen,Hyderabad,Zodius Capital,Private Equity,382861000,2021-03-17
288,FinSense,FoodTech,Cloud Kitchen,Pune,Accel,Private Equity,170086000,2023-12-23
289,Myntra,Retail,Fashion,Kolkata,"Elevation Capital, Ribbit Capital",Private Equity,403808000,2022-02-19
290,ClearDekho,Logistics,Last Mile,Pune,Y Combinator,Private Equity,151993000,2024-12-05
291,Zomato,HealthTech,Pharmacy,Mumbai,"Blume Ventures, Elevation Capital",Private Equity,201485000,2024-02-29
292,Bounce,Enterprise,Analytics,Hyderabad,Sequoia Capital India,Seed,1762000,2021-02-11
293,FinFoods,Enterprise,Analytics,Pune,Info Edge,Seed,331000,2024-06-25
294,HealthRise,Enterprise,Analytics,Noida,"Sequoia Capital India, Tiger Global",Seed,1666000,2024-02-11
295,DriveLoop,Consumer Electronics,Audio,Bengaluru,Info Edge,Seed,158000,2021-11-01
296,Oyo,Consumer Electronics,Audio,Mumbai,Kalaari Capital,Seed,66000,2023-01-05
297,Delhivery,Consumer Electronics,Audio,Pune,"Bessemer Venture Partners, Omidyar Network",Seed,52000,2020-08-12
298,BharatPe,Consumer Electronics,Audio,Bengaluru,Peak XV,Seed,621000,2021-10-14
299,Urban Company,Consumer Electronics,Audio,Kolkata,"Omidyar Network, Ribbit Capital",Seed,1664000,2023-07-23
300,ClearTax,Consumer Electronics,Audio,Noida,"Bessemer Venture Partners, IFC",Seed,1786000,2024-03-09
301,LogiMart,Consumer Electronics,Audio,Bengaluru,Falcon Edge,Seed,110000,2024-02-14
302,Chargebee,Consumer Electronics,Audio,Ahmedabad,Sequoia Capital India,Seed,122000,2021-08-17
303,InMobi,Consumer Electronics,Audio,Gurugram,"Matrix Partners India, Y Combinator",Seed,191000,2025-01-08
304,QuantumSolutions,Consumer Electronics,Audio,Mumbai,Ribbit Capital,Seed,88000,2022-10-15
305,MediHive_1008,Consumer Electronics,Audio,Gurugram,Nexus Venture Partners,Seed,126000,2020-10-16
306,HomeFoods,Enterprise,Automation,Pune,"LCatterton, Sequoia Capital India, Tiger Global",Seed,165000,2024-10-30
307,NextFlow,Enterprise,Automation,Delhi,Lightspeed India,Seed,1741000,2020-10-26
308,WorkPay,Enterprise,Automation,Kolkata,"Accel, Falcon Edge, Omidyar Network",Seed,319000,2021-02-24
309,HyperLoop,Enterprise,Automation,Delhi,"Kedaara Capital, Mirae Asset, Sequoia Capital India",Seed,1367000,2020-05-26
310,AgriSense,Enterprise,Automation,Hyderabad,"Falcon Edge, Y Combinator",Seed,1034000,2023-11-30
311,BharatPe,Enterprise,Automation,Ahmedabad,Accel,Seed,532000,2023-03-13
312,FoodLoop,Enterprise,Automation,Delhi,"Bessemer Venture Partners, Zodius Capital",Seed,114000,2023-11-08
313,DriveEdge,Enterprise,Automation,Gurugram,"Kalaari Capital, Nexus Venture Partners",Seed,98000,2024-04-25
314,HomeAnalytics,SaaS,B2B SaaS,Chennai,Matrix Partners India,Seed,194000,2022-10-25
315,EduMart,SaaS,B2B SaaS,Ahmedabad,"LCatterton, Lightspeed India",Seed,938000,2024-08-24
316,WorkFit,SaaS,B2B SaaS,Gurugram,Kedaara Capital,Seed,343000,2021-01-09
317,NoBroker,SaaS,B2B SaaS,Mumbai,"Blume Ventures, Y Combinator",Seed,285000,2024-03-31
318,AutoMart,FoodTech,Cloud Kitchen,Kolkata,SoftBank Vision Fund,Seed,67000,2024-08-23
319,NextSense,FoodTech,Cloud Kitchen,Pune,"Info Edge, Tiger Global Management",Seed,1903000,2023-11-22
320,FinFoods,FoodTech,Cloud Kitchen,Bengaluru,Ribbit Capital,Seed,1461000,2021-06-20
321,ClearDekho,FoodTech,Cloud Kitchen,Hyderabad,"Kalaari Capital, Mirae Asset",Seed,148000,2022-08-09
322,EduMart,FoodTech,Cloud Kitchen,Pune,Tiger Global Management,Seed,137000,2023-03-17
323,FreshBox,FoodTech,Cloud Kitchen,Chennai,Sequoia Capital India,Seed,95000,2020-01-14
324,NimbusLabs,FoodTech,Cloud Kitchen,Pune,IFC,Seed,54000,2024-01-07
325,AgriHive,EdTech,Coding Bootcamp,Noida,"Falcon Edge, IFC",Seed,157000,2021-01-25
326,MediWorks,EdTech,Coding Bootcamp,Bengaluru,"LCatterton, Tiger Global Management, Y Combinator",Seed,1319000,2022-08-26
327,DriveLoop,EdTech,Coding Bootcamp,Delhi,"Kalaari Capital, Ventures India",Seed,56000,2023-09-08
328,QuantumDrive,EdTech,Coding Bootcamp,Pune,"Falcon Edge, Y Combinator",Seed,670000,2020-06-08
329,SmartCare,EdTech,Coding Bootcamp,Noida,Accel,Seed,271000,2022-10-01
330,ClearDekho,EdTech,Coding Bootcamp,Gurugram,Bessemer Venture Partners,Seed,79000,2021-01-31
331,Byju's,EdTech,Coding Bootcamp,Mumbai,Elevation Capital,Seed,152000,2025-01-12
332,HealthWorks,EdTech,Coding Bootcamp,Chennai,"Nexus Venture Partners, Peak XV, Prosus Ventures",Seed,485000,2022-01-17
333,Dunzo,Media,Content,Gurugram,"Accel, Nexus Venture Partners",Seed,78000,2021-10-16
334,SkillFlow,Media,Content,Delhi,"Matrix Partners India, Tiger Global",Seed,120000,2024-02-26
335,UrbanSolutions,Media,Content,Mumbai,"Mirae Asset, Tiger Global",Seed,95000,2021-05-02
336,HomeFoods,Media,Content,Pune,"Blume Ventures, Ribbit Capital",Seed,877000,2022-05-03
337,CoreSpace,Media,Content,Kolkata,"Bessemer Venture Partners, Omidyar Network",Seed,383000,2024-04-17
338,Porter,Media,Content,Pune,"Kedaara Capital, Tiger Global Management",Seed,489000,2023-12-19
339,Oyo,Media,Content,Noida,Matrix Partners India,Seed,216000,2020-05-02
340,Ola,Media,Content,Delhi,Falcon Edge,Seed,568000,2023-08-11
341,FoodFit,Media,Content,Delhi,Nexus Venture Partners,Seed,99000,2020-08-08
342,InMobi,E-commerce,D2C,Kolkata,Elevation Capital,Seed,181000,2020-07-17
343,Freshworks,E-commerce,D2C,Ahmedabad,"Lightspeed India, Zodius Capital",Seed,805000,2020-09-04
344,Razorpay,E-commerce,D2C,Kolkata,"Omidyar Network, SoftBank Vision Fund",Seed,98000,2021-08-03
345,LogiSense,E-commerce,D2C,Noida,"A91 Partners, Mirae Asset",Seed,101000,2022-07-01
346,Meesho,E-commerce,D2C,Pune,"Info Edge, Kalaari Capital, SoftBank Vision Fund",Seed,1665000,2022-04-03
347,HyperLabs,SaaS,DevTools,Kolkata,Accel,Seed,75000,2024-08-30
348,UrbanSolutions,SaaS,DevTools,Pune,"IFC, Omidyar Network",Seed,233000,2021-10-26
349,NoBroker,SaaS,DevTools,Delhi,Sequoia Capital India,Seed,65000,2022-07-02
350,CloudPay,SaaS,DevTools,Pune,"Kedaara Capital, Nexus Venture Partners",Seed,1612000,2020-10-29
351,Groww,SaaS,DevTools,Chennai,"Peak XV, Tiger Global Management",Seed,65000,2020-06-02
352,BharatPe,SaaS,DevTools,Pune,"Elevation Capital, Matrix Partners India, Ribbit Capital",Seed,596000,2021-08-19
353,BlueRise,SaaS,DevTools,Mumbai,Ventures India,Seed,64000,2020-07-19
354,NoBroker,SaaS,DevTools,Delhi,LCatterton,Seed,205000,2020-12-26
355,AeroStack,SaaS,DevTools,Ahmedabad,"Nexus Venture Partners, Peak XV",Seed,83000,2023-01-14
356,Wakefit,HealthTech,Diagnostics,Kolkata,Matrix Partners India,Seed,133000,2021-05-23
357,UrbanDrive,HealthTech,Diagnostics,Gurugram,Peak XV,Seed,1494000,2022-04-16
358,SmartTech,HealthTech,Diagnostics,Delhi,A91 Partners,Seed,1416000,2020-03-25
359,Porter,HealthTech,Diagnostics,Bengaluru,Mirae Asset,Seed,1494000,2024-08-21
360,BlueRise,HealthTech,Diagnostics,Hyderabad,"IFC, Lightspeed India, Mirae Asset",Seed,113000,2022-07-07
361,Paytm,HealthTech,Diagnostics,Pune,Mirae Asset,Seed,288000,2020-10-02
362,Mobikwik,Retail,E-Retail,Pune,"Accel, Bessemer Venture Partners, IFC",Seed,84000,2021-05-26
363,Porter,Retail,E-Retail,Hyderabad,A91 Partners,Seed,1788000,2020-02-22
364,Practo,Retail,E-Retail,Gurugram,Matrix Partners India,Seed,66000,2020-06-15
365,Postman,Retail,E-Retail,Chennai,Tiger Global,Seed,390000,2023-07-15
366,Porter,Retail,E-Retail,Kolkata,Zodius Capital,Seed,255000,2021-02-13
367,AgriHive,Retail,E-Retail,Ahmedabad,Accel,Seed,879000,2024-07-27
368,AgriSense,Retail,E-Retail,Chennai,Sequoia Capital India,Seed,1746000,2024-01-22
369,CureFit,Retail,E-Retail,Bengaluru,"Elevation Capital, Ventures India",Seed,412000,2022-03-27
370,HyperLabs,Retail,E-Retail,Chennai,Prosus Ventures,Seed,120000,2024-04-03
371,QuantumSolutions,Mobility,EV,Noida,IFC,Seed,104000,2020-02-26
372,FreshTech,Mobility,EV,Mumbai,Info Edge,Seed,169000,2024-09-19
373,ShareChat,Mobility,EV,Kolkata,"SoftBank Vision Fund, Ventures India",Seed,148000,2024-01-19
374,WorkPay_256,Mobility,EV,Pune,"LCatterton, Peak XV, Prosus Ventures",Seed,1580000,2023-07-30
375,SkillFlow,Mobility,EV,Chennai,"Bessemer Venture Partners, Blume Ventures, Nexus Venture Partners",Seed,1149000,2024-06-26
376,ClearTax,Mobility,EV,Gurugram,"Accel, Prosus Ventures",Seed,192000,2025-01-11
377,AgriHive,Mobility,EV,Pune,Zodius Capital,Seed,919000,2024-11-20
378,WorkPay,Mobility,EV,Gurugram,LCatterton,Seed,97000,2022-05-28
379,Ola,Retail,Fashion,Mumbai,Tiger Global Management,Seed,62000,2023-01-12
380,Housejoy,Retail,Fashion,Bengaluru,"Falcon Edge, SoftBank Vision Fund, Y Combinator",Seed,1600000,2022-05-27
381,Mobikwik,E-commerce,Fashion,Bengaluru,"Ventures India, Y Combinator",Seed,227000,2020-09-10
382,HomeMart,Retail,Fashion,Gurugram,Lightspeed India,Seed,517000,2024-04-16
383,Zomato,Retail,Fashion,Pune,"Ribbit Capital, SoftBank Vision Fund",Seed,442000,2021-12-22
384,HealthWorks,E-commerce,Fashion,Bengaluru,Ventures India,Seed,103000,2021-01-03
385,HomeAnalytics,E-commerce,Fashion,Delhi,Y Combinator,Seed,65000,2020-06-08
386,Cars24,E-commerce,Fashion,Mumbai,"Mirae Asset, Prosus Ventures",Seed,141000,2022-03-25
387,CoreFlow,Retail,Fashion,Kolkata,"Mirae Asset, Tiger Global Management",Seed,1560000,2023-02-19
388,QuantumSolutions,Retail,Fashion,Delhi,"A91 Partners, Mirae Asset",Seed,1998000,2024-06-24
389,SmartMart,E-commerce,Fashion,Delhi,Omidyar Network,Seed,120000,2022-04-11
390,GreenMart,E-commerce,Fashion,Kolkata,"Info Edge, Sequoia Capital India",Seed,53000,2022-02-09
391,Postman,Retail,Fashion,Hyderabad,"Peak XV, Tiger Global, Y Combinator",Seed,108000,2020-04-23
392,CoreConnect,Retail,Fashion,Delhi,"LCatterton, Ventures India",Seed,107000,2022-10-02
393,EduTech,Retail,Fashion,Bengaluru,Info Edge,Seed,369000,2022-01-28
394,HealthRise,Retail,Fashion,Ahmedabad,"Ribbit Capital, Ventures India",Seed,463000,2022-11-07
395,FoodFit,Retail,Fashion,Bengaluru,Info Edge,Seed,210000,2025-01-06
396,BlueTech,E-commerce,Fashion,Bengaluru,Elevation Capital,Seed,634000,2024-11-17
397,UrbanDrive,Retail,Fashion,Delhi,"IFC, Mirae Asset, SoftBank Vision Fund",Seed,369000,2023-07-25
398,GrowthConnect,E-commerce,Fashion,Ahmedabad,"Bessemer Venture Partners, Peak XV",Seed,406000,2024-04-11
399,Unacademy,E-commerce,Fashion,Bengaluru,LCatterton,Seed,160000,2025-03-17
400,FoodSolutions,Retail,Fashion,Gurugram,Info Edge,Seed,887000,2024-08-26
401,InMobi,Logistics,Fleet Management,Noida,Tiger Global Management,Seed,242000,2022-06-23
402,EduBox,Logistics,Fleet Management,Ahmedabad,Kalaari Capital,Seed,68000,2025-06-19
403,GreenConnect,Logistics,Fleet Management,Mumbai,"Lightspeed India, Matrix Partners India, Mirae Asset",Seed,692000,2022-06-24
404,NeoSense,Logistics,Fleet Management,Hyderabad,LCatterton,Seed,1360000,2022-11-25
405,InMobi,Logistics,Fleet Management,Noida,Info Edge,Seed,333000,2022-12-23
406,PhonePe,Logistics,Fleet Management,Chennai,"Accel, Tiger Global Management",Seed,69000,2022-02-18
407,Rapido,FoodTech,Food Delivery,Kolkata,"A91 Partners, Kedaara Capital, Tiger Global Management",Seed,459000,2023-11-27
408,BlueSpace,FoodTech,Food Delivery,Chennai,"A91 Partners, Sequoia Capital India",Seed,341000,2020-06-16
409,NimbusWorks,FoodTech,Food Delivery,Kolkata,"Prosus Ventures, Zodius Capital",Seed,1631000,2020-09-25
410,HyperLoop,FoodTech,Food Delivery,Gurugram,"Nexus Venture Partners, Ribbit Capital",Seed,595000,2021-08-04
411,Flipkart,FoodTech,Food Delivery,Pune,"Bessemer Venture Partners, Prosus Ventures",Seed,587000,2021-12-06
412,NextStack,FoodTech,Food Delivery,Bengaluru,"Falcon Edge, Mirae Asset",Seed,201000,2021-12-08
413,Porter,FoodTech,Food Delivery,Mumbai,Mirae Asset,Seed,80000,2020-09-25
414,NeoLabs,FoodTech,Food Delivery,Hyderabad,Tiger Global Management,Seed,701000,2023-02-14
415,Delhivery,FoodTech,Food Delivery,Delhi,Mirae Asset,Seed,458000,2024-11-29
416,CRED,FoodTech,Food Delivery,Gurugram,Tiger Global,Seed,452000,2023-09-12
417,GreenConnect,FoodTech,Grocery,Delhi,"IFC, Ribbit Capital",Seed,309000,2020-06-10
418,Oyo,Retail,Grocery,Ahmedabad,SoftBank Vision Fund,Seed,152000,2022-11-05
419,WorkStack_149,E-commerce,Grocery,Chennai,"Nexus Venture Partners, Omidyar Network, Tiger Global Management",Seed,140000,2024-01-22
420,UrbanSolutions,Retail,Grocery,Pune,Omidyar Network,Seed,942000,2023-02-28
421,NimbusLabs,E-commerce,Grocery,Mumbai,A91 Partners,Seed,355000,2023-01-17
422,AeroAnalytics,FoodTech,Grocery,Chennai,"Elevation Capital, Ribbit Capital",Seed,235000,2023-01-03
423,FreshTech,FoodTech,Grocery,Ahmedabad,Elevation Capital,Seed,598000,2020-05-13
424,Bounce,FoodTech,Grocery,Pune,Mirae Asset,Seed,231000,2025-03-22
425,NeoSense_564,Retail,Grocery,Ahmedabad,Sequoia Capital India,Seed,182000,2024-06-04
426,QuantumAnalytics,Retail,Grocery,Noida,Nexus Venture Partners,Seed,356000,2022-08-22
427,FreshTech_651,Retail,Grocery,Gurugram,Elevation Capital,Seed,363000,2021-01-29
428,HealthRise,Retail,Grocery,Ahmedabad,"Info Edge, Mirae Asset, Prosus Ventures",Seed,142000,2024-07-22
429,AgriFit,Retail,Grocery,Hyderabad,"Kedaara Capital, Ventures India",Seed,1218000,2023-11-24
430,HealthRise,Retail,Grocery,Gurugram,"Elevation Capital, Prosus Ventures",Seed,82000,2020-03-21
431,WorkStack,Retail,Grocery,Bengaluru,"Bessemer Venture Partners, Blume Ventures",Seed,1593000,2020-04-17
432,Paytm,E-commerce,Grocery,Gurugram,"Matrix Partners India, SoftBank Vision Fund",Seed,55000,2021-04-03
433,Nykaa,E-commerce,Grocery,Chennai,"Elevation Capital, Falcon Edge",Seed,55000,2022-01-26
434,FreshTech,E-commerce,Grocery,Mumbai,"A91 Partners, Tiger Global",Seed,130000,2023-06-21
435,Porter,E-commerce,Grocery,Delhi,Ventures India,Seed,500000,2021-01-09
436,HyperLoop,FoodTech,Grocery,Delhi,Blume Ventures,Seed,226000,2025-05-22
437,HomeAnalytics,Retail,Grocery,Pune,"Ribbit Capital, Zodius Capital",Seed,517000,2024-07-29
438,Chargebee,E-commerce,Grocery,Ahmedabad,Omidyar Network,Seed,99000,2025-05-18
439,Innovaccer,E-commerce,Grocery,Hyderabad,Kalaari Capital,Seed,149000,2023-08-23
440,HyperLabs,SaaS,HRTech,Chennai,"A91 Partners, SoftBank Vision Fund",Seed,175000,2022-01-28
441,Licious,SaaS,HRTech,Chennai,"Accel, Falcon Edge, Peak XV",Seed,173000,2025-05-17
442,Housejoy,SaaS,HRTech,Pune,Bessemer Venture Partners,Seed,98000,2022-09-22
443,NeoLabs,SaaS,HRTech,Noida,Blume Ventures,Seed,613000,2020-07-21
444,NimbusLabs,HealthTech,Health Analytics,Hyderabad,Blume Ventures,Seed,407000,2020-08-18
445,Housejoy,HealthTech,Health Analytics,Noida,Zodius Capital,Seed,141000,2025-06-27
446,SkillRise,HealthTech,Health Analytics,Gurugram,"Accel, Info Edge, Y Combinator",Seed,1535000,2021-11-07
447,CloudPay,HealthTech,Health Analytics,Pune,"A91 Partners, Matrix Partners India, Mirae Asset",Seed,666000,2023-11-24
448,UrbanDrive,HealthTech,Health Analytics,Chennai,"Kedaara Capital, Ribbit Capital",Seed,856000,2023-07-25
449,MediHive,HealthTech,Health Analytics,Delhi,"Blume Ventures, Elevation Capital, Nexus Venture Partners",Seed,1820000,2022-11-19
450,DataAnalytics,HealthTech,Health Analytics,Mumbai,Info Edge,Seed,339000,2021-03-06
451,Chargebee,RealEstate,Home Services,Bengaluru,Peak XV,Seed,1207000,2023-01-29
452,FarmBox,RealEstate,Home Services,Noida,"Accel, Blume Ventures, IFC",Seed,1411000,2020-12-14
453,FreshSolutions,RealEstate,Home Services,Mumbai,Accel,Seed,187000,2022-03-24
454,FarmTech,RealEstate,Home Services,Pune,Ventures India,Seed,83000,2024-01-31
455,UrbanDrive,RealEstate,Home Services,Noida,Kalaari Capital,Seed,496000,2021-08-02
456,MediSpace,RealEstate,Home Services,Pune,"Prosus Ventures, Ventures India",Seed,56000,2022-05-21
457,AeroStack,FinTech,InsurTech,Gurugram,"Y Combinator, Zodius Capital",Seed,269000,2025-02-23
458,SkillRise,FinTech,InsurTech,Noida,Mirae Asset,Seed,1385000,2025-05-13
459,LogiMart,FinTech,InsurTech,Hyderabad,Info Edge,Seed,525000,2024-07-30
460,Swiggy,FinTech,InsurTech,Ahmedabad,"Ribbit Capital, Tiger Global Management, Zodius Capital",Seed,1019000,2020-04-15
461,Housejoy,EdTech,K12,Mumbai,Lightspeed India,Seed,199000,2023-04-19
462,Myntra,EdTech,K12,Delhi,Falcon Edge,Seed,304000,2021-08-28
463,PhonePe,EdTech,K12,Mumbai,"Kedaara Capital, Omidyar Network",Seed,96000,2020-03-09
464,FreshTech_329,EdTech,K12,Noida,"Ribbit Capital, Ventures India",Seed,125000,2023-04-16
465,SkillFlow,EdTech,K12,Ahmedabad,Info Edge,Seed,521000,2020-08-04
466,Licious,EdTech,K12,Chennai,Nexus Venture Partners,Seed,1411000,2023-11-11
467,Flipkart,EdTech,K12,Gurugram,"IFC, Mirae Asset",Seed,63000,2025-03-13
468,Freshworks,EdTech,K12,Pune,Sequoia Capital India,Seed,1009000,2023-08-19
469,MediHive,EdTech,K12,Pune,"A91 Partners, Nexus Venture Partners, Y Combinator",Seed,107000,2023-09-27
470,NeoLabs,Logistics,Last Mile,Pune,IFC,Seed,91000,2022-06-29
471,HealthAnalytics,Logistics,Last Mile,Noida,Omidyar Network,Seed,122000,2023-07-04
472,NimbusMart,Logistics,Last Mile,Ahmedabad,"IFC, Matrix Partners India, Zodius Capital",Seed,1687000,2023-05-09
473,DriveEdge,Logistics,Last Mile,Pune,"Omidyar Network, Tiger Global Management, Y Combinator",Seed,200000,2020-03-18
474,AgriFit,Logistics,Last Mile,Noida,"Kalaari Capital, Matrix Partners India, Tiger Global Management",Seed,107000,2020-05-06
475,NimbusWorks,Logistics,Last Mile,Noida,Bessemer Venture Partners,Seed,447000,2020-08-17
476,FinSense,FinTech,Lending,Delhi,Prosus Ventures,Seed,1178000,2022-03-31
477,Meesho,FinTech,Lending,Hyderabad,Elevation Capital,Seed,201000,2020-05-18
478,DriveEdge,FinTech,Lending,Delhi,Bessemer Venture Partners,Seed,1238000,2020-02-29
479,FinFoods,FinTech,Lending,Bengaluru,Ribbit Capital,Seed,89000,2023-08-21
480,NimbusLabs_243,SaaS,MarTech,Noida,"Nexus Venture Partners, Y Combinator",Seed,196000,2022-05-02
481,Chargebee,SaaS,MarTech,Bengaluru,Tiger Global,Seed,493000,2024-09-23
482,Lenskart,SaaS,MarTech,Ahmedabad,Lightspeed India,Seed,94000,2020-04-01
483,FreshTech,SaaS,MarTech,Noida,Omidyar Network,Seed,638000,2023-08-29
484,FreshTech,SaaS,MarTech,Bengaluru,"Accel, Tiger Global, Y Combinator",Seed,246000,2022-08-22
485,AeroStack,SaaS,MarTech,Chennai,"Accel, Tiger Global Management",Seed,127000,2021-04-11
486,AutoMart,SaaS,MarTech,Kolkata,Kalaari Capital,Seed,97000,2023-04-19
487,FreshTech,AgriTech,Marketplace,Gurugram,IFC,Seed,1022000,2022-09-14
488,BlueTech,AgriTech,Marketplace,Chennai,"Accel, Falcon Edge, Tiger Global Management",Seed,329000,2024-02-26
489,EduMart,AgriTech,Marketplace,Ahmedabad,"Info Edge, Mirae Asset, SoftBank Vision Fund",Seed,313000,2025-06-11
490,QuantumSolutions,AgriTech,Marketplace,Bengaluru,Sequoia Capital India,Seed,1272000,2024-10-07
491,NextStack,E-commerce,Marketplace,Chennai,"Bessemer Venture Partners, Y Combinator",Seed,318000,2021-09-05
492,Zomato,AgriTech,Marketplace,Mumbai,Tiger Global,Seed,58000,2022-11-08
493,NimbusWorks,AgriTech,Marketplace,Hyderabad,"Tiger Global, Tiger Global Management",Seed,163000,2020-08-09
494,HyperLabs,AgriTech,Marketplace,Mumbai,"A91 Partners, Kedaara Capital",Seed,78000,2022-10-22
495,Paytm,AgriTech,Marketplace,Hyderabad,Matrix Partners India,Seed,100000,2021-06-30
496,Dunzo,E-commerce,Marketplace,Hyderabad,"Lightspeed India, Nexus Venture Partners",Seed,788000,2020-10-30
497,AutoStack,E-commerce,Marketplace,Ahmedabad,SoftBank Vision Fund,Seed,61000,2024-07-10
498,NoBroker,AgriTech,Marketplace,Gurugram,"Kedaara Capital, SoftBank Vision Fund",Seed,304000,2020-06-09
499,CoreConnect,Mobility,Micro Mobility,Noida,Bessemer Venture Partners,Seed,320000,2022-08-04
500,GreenMart,Mobility,Micro Mobility,Ahmedabad,"Blume Ventures, Tiger Global Management",Seed,753000,2025-04-28
501,HyperLabs,Mobility,Micro Mobility,Gurugram,"Elevation Capital, Prosus Ventures, SoftBank Vision Fund",Seed,1416000,2023-07-02
502,NextSense,Mobility,Micro Mobility,Mumbai,Kedaara Capital,Seed,954000,2024-09-15
503,CRED,Mobility,Micro Mobility,Gurugram,A91 Partners,Seed,1017000,2021-11-16
504,FarmFit_840,Mobility,Micro Mobility,Chennai,"A91 Partners, Tiger Global Management, Y Combinator",Seed,52000,2022-03-19
505,LogiSense,FinTech,NeoBank,Noida,"IFC, Ribbit Capital, Sequoia Capital India",Seed,920000,2022-01-20
506,AeroStack,FinTech,NeoBank,Ahmedabad,Matrix Partners India,Seed,68000,2023-03-07
507,CloudPay,FinTech,NeoBank,Bengaluru,"Blume Ventures, Info Edge",Seed,1116000,2020-08-15
508,MediHive,FinTech,NeoBank,Kolkata,"Bessemer Venture Partners, LCatterton, Nexus Venture Partners",Seed,795000,2024-02-07
509,Licious,FinTech,NeoBank,Mumbai,Ribbit Capital,Seed,1459000,2022-06-20
510,HomeAnalytics,FinTech,NeoBank,Kolkata,Zodius Capital,Seed,118000,2024-07-29
511,CoreSpace,FinTech,Payments,Chennai,"Kalaari Capital, Tiger Global, Y Combinator",Seed,888000,2021-06-25
512,GrowthFlow,FinTech,Payments,Gurugram,Tiger Global Management,Seed,52000,2024-05-27
513,EduBox,FinTech,Payments,Pune,"Bessemer Venture Partners, Nexus Venture Partners, Tiger Global",Seed,164000,2024-06-01
514,Oyo,FinTech,Payments,Gurugram,Prosus Ventures,Seed,947000,2023-11-22
515,ShareChat,FinTech,Payments,Gurugram,LCatterton,Seed,234000,2020-12-22
516,Swiggy,HealthTech,Pharmacy,Bengaluru,Kedaara Capital,Seed,333000,2022-06-08
517,PhonePe,HealthTech,Pharmacy,Bengaluru,"Accel, Tiger Global",Seed,100000,2022-05-12
518,QuantumSolutions,HealthTech,Pharmacy,Hyderabad,"Prosus Ventures, Tiger Global Management",Seed,336000,2021-07-01
519,Udaan,HealthTech,Pharmacy,Noida,LCatterton,Seed,350000,2024-08-09
520,Chargebee,HealthTech,Pharmacy,Kolkata,"Accel, Tiger Global",Seed,125000,2023-02-25
521,Paytm,HealthTech,Pharmacy,Mumbai,Mirae Asset,Seed,96000,2025-06-27
522,HomeFoods,RealEstate,PropTech,Chennai,Tiger Global Management,Seed,905000,2024-11-05
523,Zepto,RealEstate,PropTech,Bengaluru,"Mirae Asset, Nexus Venture Partners, Prosus Ventures",Seed,166000,2021-11-07
524,GrowthCare,RealEstate,PropTech,Mumbai,Tiger Global Management,Seed,68000,2024-01-27
525,FoodLoop,RealEstate,PropTech,Hyderabad,Sequoia Capital India,Seed,436000,2021-07-14
526,GreenEdge,RealEstate,PropTech,Mumbai,Y Combinator,Seed,122000,2023-05-23
527,NeoLabs,RealEstate,PropTech,Bengaluru,"Tiger Global, Tiger Global Management",Seed,57000,2021-07-21
528,DriveEdge,RealEstate,PropTech,Noida,Elevation Capital,Seed,239000,2021-06-27
529,GreenMart,RealEstate,PropTech,Gurugram,Ribbit Capital,Seed,171000,2022-02-26
530,Freshworks,RealEstate,PropTech,Bengaluru,"Matrix Partners India, Prosus Ventures",Seed,1654000,2025-05-27
531,Paytm,E-commerce,Quick Commerce,Mumbai,"A91 Partners, Falcon Edge, Omidyar Network",Seed,57000,2022-11-11
532,Myntra,E-commerce,Quick Commerce,Bengaluru,"Kalaari Capital, LCatterton, Ribbit Capital",Seed,181000,2020-07-01
533,Udaan,RealEstate,Rental Tech,Mumbai,Bessemer Venture Partners,Seed,89000,2024-01-31
534,NeoLabs_65,RealEstate,Rental Tech,Bengaluru,"Accel, Peak XV",Seed,370000,2024-07-19
535,Wakefit,RealEstate,Rental Tech,Bengaluru,Omidyar Network,Seed,159000,2022-06-21
536,UrbanSolutions,RealEstate,Rental Tech,Chennai,Bessemer Venture Partners,Seed,148000,2023-06-20
537,Bounce,RealEstate,Rental Tech,Chennai,"Info Edge, Y Combinator",Seed,77000,2024-12-18
538,HyperLoop,RealEstate,Rental Tech,Bengaluru,Prosus Ventures,Seed,62000,2023-09-17
539,LogiMart,RealEstate,Rental Tech,Chennai,"LCatterton, Omidyar Network",Seed,67000,2024-08-19
540,FoodSolutions,RealEstate,Rental Tech,Delhi,"Lightspeed India, Zodius Capital",Seed,651000,2021-03-28
541,BlueRise,RealEstate,Rental Tech,Noida,Y Combinator,Seed,1688000,2024-05-17
542,QuantumAnalytics,RealEstate,Rental Tech,Bengaluru,LCatterton,Seed,73000,2024-07-31
543,FoodFit,RealEstate,Rental Tech,Noida,Ventures India,Seed,450000,2024-09-09
544,Delhivery,RealEstate,Rental Tech,Kolkata,Kalaari Capital,Seed,778000,2023-09-25
545,Meesho,RealEstate,Rental Tech,Kolkata,"IFC, Zodius Capital",Seed,76000,2023-07-30
546,LogiMart,RealEstate,Rental Tech,Kolkata,IFC,Seed,190000,2022-08-18
547,NextSense_10,Mobility,Ride Sharing,Delhi,"IFC, Kalaari Capital, Peak XV",Seed,54000,2020-05-19
548,SkillSolutions,Mobility,Ride Sharing,Mumbai,"A91 Partners, Matrix Partners India",Seed,103000,2022-04-12
549,FoodFit,Mobility,Ride Sharing,Kolkata,Nexus Venture Partners,Seed,188000,2021-05-31
550,Wakefit,Mobility,Ride Sharing,Gurugram,Zodius Capital,Seed,72000,2022-12-14
551,NoBroker,Mobility,Ride Sharing,Kolkata,Zodius Capital,Seed,111000,2021-01-18
552,WorkFit,Mobility,Ride Sharing,Chennai,Info Edge,Seed,217000,2023-03-08
553,FarmBox,Mobility,Ride Sharing,Mumbai,"Prosus Ventures, Y Combinator",Seed,956000,2024-01-04
554,UrbanStack,Mobility,Ride Sharing,Chennai,"Lightspeed India, Matrix Partners India, Omidyar Network",Seed,1584000,2024-01-21
555,CRED,Enterprise,Security,Kolkata,Matrix Partners India,Seed,174000,2021-09-12
556,Unacademy,Enterprise,Security,Kolkata,"Accel, Kalaari Capital, Ribbit Capital",Seed,199000,2022-10-15
557,LogiSense,Enterprise,Security,Bengaluru,Tiger Global,Seed,430000,2023-12-24
558,Delhivery,Enterprise,Security,Chennai,Ribbit Capital,Seed,1104000,2024-08-27
559,MediSpace,Enterprise,Security,Chennai,Falcon Edge,Seed,172000,2020-08-14
560,MediHive,Enterprise,Security,Bengaluru,"Elevation Capital, Kalaari Capital",Seed,1628000,2024-05-03
561,CureFit,AgriTech,Smart Farming,Pune,"IFC, Sequoia Capital India",Seed,812000,2021-04-23
562,HyperLabs,AgriTech,Smart Farming,Chennai,Tiger Global Management,Seed,339000,2022-04-09
563,AeroStack,AgriTech,Smart Farming,Noida,Ventures India,Seed,191000,2024-11-17
564,EduMart,AgriTech,Smart Farming,Kolkata,Info Edge,Seed,76000,2020-10-04
565,FinSpace,AgriTech,Smart Farming,Pune,Kalaari Capital,Seed,853000,2022-05-18
566,PhonePe,AgriTech,Smart Farming,Ahmedabad,Prosus Ventures,Seed,216000,2024-01-16
567,BlueRise,AgriTech,Smart Farming,Mumbai,"Mirae Asset, Ventures India",Seed,275000,2022-05-19
568,HomeMart,AgriTech,Smart Farming,Bengaluru,"IFC, Info Edge, Kalaari Capital",Seed,1639000,2020-07-29
569,Nykaa,Consumer Electronics,Smart Home,Noida,"Kedaara Capital, SoftBank Vision Fund",Seed,166000,2024-03-07
570,Oyo,Consumer Electronics,Smart Home,Bengaluru,"Accel, Info Edge",Seed,366000,2022-09-07
571,NeoSense,Consumer Electronics,Smart Home,Chennai,"LCatterton, SoftBank Vision Fund",Seed,379000,2020-12-20
572,LogiMart,Consumer Electronics,Smart Home,Ahmedabad,Elevation Capital,Seed,950000,2020-08-07
573,Licious,Consumer Electronics,Smart Home,Kolkata,"Elevation Capital, SoftBank Vision Fund",Seed,434000,2023-03-04
574,EduTech,Consumer Electronics,Smart Home,Noida,Ventures India,Seed,798000,2020-11-30
575,AeroHub,Consumer Electronics,Smart Home,Delhi,Tiger Global,Seed,390000,2024-02-12
576,Porter,Consumer Electronics,Smart Home,Ahmedabad,Info Edge,Seed,826000,2024-07-05
577,Oyo,Consumer Electronics,Smart Home,Kolkata,Blume Ventures,Seed,125000,2024-06-08
578,AutoStack,Consumer Electronics,Smart Home,Noida,"A91 Partners, IFC, Kedaara Capital",Seed,264000,2020-02-08
579,DriveEdge,Consumer Electronics,Smart Home,Kolkata,Blume Ventures,Seed,314000,2024-01-01
580,BlueSpace,Consumer Electronics,Smart Home,Ahmedabad,"Ribbit Capital, Ventures India",Seed,1346000,2020-10-10
581,AeroAnalytics,Consumer Electronics,Smart Home,Gurugram,"Blume Ventures, Matrix Partners India, Ventures India",Seed,1202000,2020-04-30
582,Freshworks,Consumer Electronics,Smart Home,Ahmedabad,Accel,Seed,1127000,2023-07-27
583,EduMart,Consumer Electronics,Smart Home,Noida,Ventures India,Seed,64000,2021-03-09
584,Bounce,Media,Social,Bengaluru,Omidyar Network,Seed,226000,2020-06-08
585,HomeFoods,Media,Social,Mumbai,Nexus Venture Partners,Seed,89000,2024-12-09
586,FreshTech,Media,Social,Bengaluru,"Nexus Venture Partners, Omidyar Network",Seed,186000,2025-03-08
587,Dailyhunt,Media,Social,Gurugram,"Kalaari Capital, Lightspeed India",Seed,810000,2020-01-31
588,DataEdge,Media,Social,Hyderabad,Ribbit Capital,Seed,76000,2023-09-14
589,UrbanStack,Media,Social,Gurugram,LCatterton,Seed,105000,2023-04-01
590,UrbanStack,Media,Social,Hyderabad,"Kedaara Capital, Sequoia Capital India",Seed,647000,2024-03-24
591,FreshTech,Media,Social,Hyderabad,Falcon Edge,Seed,679000,2020-12-13
592,UrbanDrive,Media,Social,Chennai,Lightspeed India,Seed,172000,2020-08-06
593,GrowthCare,Media,Social,Ahmedabad,"Elevation Capital, Kedaara Capital, Nexus Venture Partners",Seed,1886000,2022-09-18
594,MediSpace,Media,Social,Delhi,"LCatterton, Matrix Partners India, Ribbit Capital",Seed,1663000,2023-03-08
595,Groww,Media,Streaming,Bengaluru,IFC,Seed,1668000,2025-01-28
596,NimbusMart,Media,Streaming,Delhi,Kedaara Capital,Seed,819000,2023-12-20
597,NextSense_395,Media,Streaming,Chennai,"IFC, Sequoia Capital India",Seed,1549000,2024-10-09
598,SkillSolutions,Media,Streaming,Pune,Elevation Capital,Seed,476000,2024-05-17
599,Practo,Media,Streaming,Gurugram,"Omidyar Network, SoftBank Vision Fund, Y Combinator",Seed,469000,2022-10-26
600,AeroAnalytics_861,Media,Streaming,Kolkata,"Kalaari Capital, Tiger Global",Seed,266000,2021-01-08
601,FreshBox,Media,Streaming,Hyderabad,Tiger Global Management,Seed,289000,2023-05-22
602,LogiSense,Logistics,Supply Chain,Chennai,"IFC, Y Combinator",Seed,326000,2020-09-27
603,HyperLoop,AgriTech,Supply Chain,Mumbai,"Info Edge, Mirae Asset",Seed,113000,2023-09-17
604,FarmFit,AgriTech,Supply Chain,Bengaluru,Ventures India,Seed,174000,2025-04-20
605,BharatPe,Logistics,Supply Chain,Noida,Peak XV,Seed,734000,2022-06-14
606,BlueSpace,AgriTech,Supply Chain,Bengaluru,"Bessemer Venture Partners, Lightspeed India, Matrix Partners India",Seed,1369000,2025-04-26
607,Byju's,AgriTech,Supply Chain,Noida,Info Edge,Seed,1040000,2021-10-29
608,AutoFlow,Logistics,Supply Chain,Kolkata,IFC,Seed,85000,2024-07-23
609,FinSpace,AgriTech,Supply Chain,Gurugram,Ribbit Capital,Seed,432000,2022-07-11
610,LogiRise,AgriTech,Supply Chain,Kolkata,"Ribbit Capital, Tiger Global Management",Seed,1102000,2020-05-18
611,Dailyhunt,Logistics,Supply Chain,Delhi,Prosus Ventures,Seed,500000,2023-12-19
612,HealthAnalytics,Logistics,Supply Chain,Noida,"Kalaari Capital, Ventures India",Seed,358000,2024-01-30
613,NimbusWorks,AgriTech,Supply Chain,Hyderabad,SoftBank Vision Fund,Seed,833000,2020-04-29
614,Flipkart,Logistics,Supply Chain,Delhi,Kalaari Capital,Seed,79000,2023-05-16
615,Licious,Logistics,Supply Chain,Delhi,"Sequoia Capital India, Tiger Global",Seed,568000,2024-10-26
616,NeoLabs,AgriTech,Supply Chain,Mumbai,"Y Combinator, Zodius Capital",Seed,734000,2024-12-09
617,PhonePe,AgriTech,Supply Chain,Delhi,"Accel, Kalaari Capital, Ventures India",Seed,136000,2022-12-30
618,UrbanStack,AgriTech,Supply Chain,Hyderabad,Ribbit Capital,Seed,745000,2022-05-27
619,DriveEdge,AgriTech,Supply Chain,Mumbai,Prosus Ventures,Seed,53000,2022-12-24
620,MediSpace,Logistics,Supply Chain,Kolkata,Ribbit Capital,Seed,182000,2022-05-28
621,BharatPe,HealthTech,Telemedicine,Ahmedabad,LCatterton,Seed,361000,2020-12-06
622,SmartTech,HealthTech,Telemedicine,Hyderabad,Elevation Capital,Seed,129000,2023-06-15
623,DriveLoop,HealthTech,Telemedicine,Pune,Sequoia Capital India,Seed,96000,2023-03-07
624,SmartMart_37,EdTech,Test Prep,Kolkata,"A91 Partners, Falcon Edge, SoftBank Vision Fund",Seed,72000,2022-08-09
625,SkillFlow,EdTech,Test Prep,Gurugram,"Peak XV, Prosus Ventures",Seed,210000,2024-03-01
626,GrowthFlow,EdTech,Test Prep,Hyderabad,"Omidyar Network, Y Combinator",Seed,1604000,2022-08-24
627,WorkStack,EdTech,Test Prep,Kolkata,Zodius Capital,Seed,77000,2021-11-28
628,HealthRise,EdTech,Test Prep,Mumbai,Lightspeed India,Seed,404000,2020-03-19
629,BlueRise,EdTech,UpSkilling,Kolkata,Blume Ventures,Seed,548000,2023-10-30
630,CloudPay,EdTech,UpSkilling,Gurugram,Zodius Capital,Seed,62000,2024-09-05
631,Zomato,EdTech,UpSkilling,Noida,"A91 Partners, Bessemer Venture Partners, Blume Ventures",Seed,782000,2020-10-16
632,UrbanSolutions,EdTech,UpSkilling,Gurugram,Sequoia Capital India,Seed,70000,2020-02-02
633,FarmFit,FinTech,WealthTech,Chennai,"Matrix Partners India, SoftBank Vision Fund",Seed,134000,2020-02-19
634,BlueRise,FinTech,WealthTech,Ahmedabad,Y Combinator,Seed,182000,2024-05-27
635,FarmBox,Consumer Electronics,Wearables,Gurugram,"Kalaari Capital, Y Combinator",Seed,455000,2023-09-11
636,FarmBox,Consumer Electronics,Wearables,Bengaluru,"Elevation Capital, Prosus Ventures",Seed,59000,2021-03-29
637,CureFit,Consumer Electronics,Wearables,Hyderabad,"Tiger Global, Ventures India",Seed,653000,2021-07-04
638,BlueTech,Consumer Electronics,Wearables,Delhi,Info Edge,Seed,514000,2020-04-28
639,DataHive,Consumer Electronics,Wearables,Gurugram,"Lightspeed India, Sequoia Capital India",Seed,927000,2025-01-31
640,GreenConnect,Consumer Electronics,Wearables,Bengaluru,Tiger Global,Seed,100000,2022-09-25
641,CloudPay,Consumer Electronics,Wearables,Noida,"A91 Partners, Peak XV",Seed,477000,2021-12-04
642,SmartTech,Consumer Electronics,Wearables,Kolkata,"LCatterton, SoftBank Vision Fund",Seed,226000,2021-03-25
643,HomeAnalytics,Consumer Electronics,Wearables,Bengaluru,"Kedaara Capital, Lightspeed India",Seed,129000,2025-01-26
644,HealthWorks,Consumer Electronics,Wearables,Gurugram,"Omidyar Network, Peak XV, Sequoia Capital India",Seed,980000,2021-02-22
645,CoreConnect,Enterprise,Analytics,Noida,Falcon Edge,Series A,1369000,2020-04-21
646,DataAnalytics,Enterprise,Analytics,Gurugram,"SoftBank Vision Fund, Tiger Global",Series A,3795000,2020-04-02
647,PharmEasy,Enterprise,Analytics,Hyderabad,"Matrix Partners India, Sequoia Capital India",Series A,7137000,2023-01-18
648,BigBasket,Enterprise,Analytics,Kolkata,"Tiger Global, Zodius Capital",Series A,6332000,2024-09-06
649,SmartCare,Enterprise,Analytics,Delhi,"Nexus Venture Partners, Y Combinator",Series A,2177000,2021-03-18
650,NoBroker,Consumer Electronics,Audio,Gurugram,Zodius Capital,Series A,1599000,2024-09-23
651,AgriFit,Enterprise,Automation,Hyderabad,Elevation Capital,Series A,6512000,2021-01-28
652,DriveLoop,Enterprise,Automation,Ahmedabad,Lightspeed India,Series A,9076000,2020-07-17
653,ClearTax,Enterprise,Automation,Delhi,LCatterton,Series A,1218000,2022-09-26
654,AeroAnalytics,Enterprise,Automation,Delhi,"Falcon Edge, Sequoia Capital India, SoftBank Vision Fund",Series A,14864000,2020-09-03
655,Zomato,Enterprise,Automation,Bengaluru,"Lightspeed India, Nexus Venture Partners, Y Combinator",Series A,6169000,2020-12-08
656,QuantumAnalytics,Enterprise,Automation,Gurugram,Tiger Global,Series A,3743000,2022-11-11
657,NextFlow,SaaS,B2B SaaS,Hyderabad,"Tiger Global Management, Zodius Capital",Series A,10287000,2024-07-11
658,FreshTech,SaaS,B2B SaaS,Kolkata,"A91 Partners, SoftBank Vision Fund",Series A,13810000,2025-01-29
659,HomeMart,FoodTech,Cloud Kitchen,Gurugram,"IFC, Peak XV, Sequoia Capital India",Series A,3605000,2023-07-26
660,NeoLabs,FoodTech,Cloud Kitchen,Delhi,"Falcon Edge, Info Edge, Tiger Global Management",Series A,1261000,2022-09-19
661,DataHive,EdTech,Coding Bootcamp,Pune,"Elevation Capital, Kedaara Capital, SoftBank Vision Fund",Series A,2173000,2022-06-16
662,LogiSense,EdTech,Coding Bootcamp,Delhi,"LCatterton, Omidyar Network",Series A,1553000,2020-12-29
663,SkillSolutions,EdTech,Coding Bootcamp,Chennai,Kalaari Capital,Series A,2805000,2021-06-18
664,MediHive,EdTech,Coding Bootcamp,Noida,Kedaara Capital,Series A,4568000,2021-05-26
665,NextStack,Media,Content,Mumbai,A91 Partners,Series A,5738000,2024-08-11
666,DataAnalytics,Media,Content,Noida,"Blume Ventures, Sequoia Capital India",Series A,1916000,2023-03-14
667,GrowthFlow,Media,Content,Delhi,"Kedaara Capital, Y Combinator",Series A,10651000,2023-05-23
668,Cars24,Media,Content,Noida,Blume Ventures,Series A,1055000,2024-11-17
669,NextStack,E-commerce,D2C,Chennai,"IFC, Lightspeed India, Prosus Ventures",Series A,5288000,2021-05-13
670,FarmTech,E-commerce,D2C,Pune,A91 Partners,Series A,4500000,2021-06-15
671,HomeAnalytics,E-commerce,D2C,Bengaluru,"Bessemer Venture Partners, Falcon Edge",Series A,1458000,2021-02-03
672,WorkFit,E-commerce,D2C,Kolkata,"Falcon Edge, Tiger Global",Series A,2620000,2021-04-16
673,HomeFoods,SaaS,DevTools,Gurugram,"Nexus Venture Partners, Prosus Ventures, Ventures India",Series A,5604000,2023-10-20
674,BlueSpace,SaaS,DevTools,Gurugram,Tiger Global,Series A,1549000,2022-04-02
675,CoreSpace,HealthTech,Diagnostics,Chennai,"Blume Ventures, Zodius Capital",Series A,9059000,2024-06-15
676,SkillFlow,HealthTech,Diagnostics,Ahmedabad,"A91 Partners, Falcon Edge, Ribbit Capital",Series A,8097000,2023-07-16
677,DriveEdge,HealthTech,Diagnostics,Kolkata,"Lightspeed India, Ribbit Capital",Series A,11342000,2022-09-26
678,Unacademy,HealthTech,Diagnostics,Hyderabad,"Tiger Global, Tiger Global Management",Series A,8462000,2024-11-11
679,Housejoy,HealthTech,Diagnostics,Bengaluru,Nexus Venture Partners,Series A,3130000,2024-06-27
680,Rapido,Retail,E-Retail,Delhi,"Info Edge, Ribbit Capital",Series A,1513000,2021-08-19
681,LogiMart,Retail,E-Retail,Pune,Sequoia Capital India,Series A,1013000,2022-01-23
682,Zomato,Retail,E-Retail,Delhi,Omidyar Network,Series A,2831000,2024-11-28
683,SkillFlow,Mobility,EV,Kolkata,"IFC, Matrix Partners India",Series A,5049000,2024-02-06
684,WorkStack,Mobility,EV,Delhi,SoftBank Vision Fund,Series A,11397000,2022-11-21
685,NimbusMart,Mobility,EV,Kolkata,"Prosus Ventures, SoftBank Vision Fund",Series A,4770000,2023-02-18
686,HyperLabs,Mobility,EV,Gurugram,IFC,Series A,1131000,2022-08-06
687,BlueTech,Mobility,EV,Delhi,"LCatterton, Peak XV",Series A,14210000,2023-05-13
688,MediHive,Mobility,EV,Ahmedabad,Tiger Global,Series A,1981000,2024-08-06
689,CoreConnect,Mobility,EV,Hyderabad,"Prosus Ventures, Tiger Global Management",Series A,1036000,2023-07-27
690,Zomato,Mobility,EV,Chennai,Falcon Edge,Series A,1949000,2021-06-01
691,MediHive,Mobility,EV,Kolkata,"Info Edge, Y Combinator",Series A,1105000,2021-11-21
692,FarmFit,Mobility,EV,Noida,"Falcon Edge, Kedaara Capital",Series A,1349000,2023-03-27
693,GrowthConnect,Retail,Fashion,Delhi,Blume Ventures,Series A,14428000,2020-11-11
694,Razorpay,Retail,Fashion,Kolkata,Ventures India,Series A,4324000,2022-05-20
695,AgriSense,Retail,Fashion,Chennai,"Info Edge, Kalaari Capital, Matrix Partners India",Series A,8614000,2023-03-28
696,Groww,Retail,Fashion,Pune,Falcon Edge,Series A,2760000,2025-05-13
697,AeroAnalytics,Retail,Fashion,Hyderabad,"Y Combinator, Zodius Capital",Series A,4481000,2021-07-30
698,SmartTech,Retail,Fashion,Noida,"Blume Ventures, Sequoia Capital India",Series A,14492000,2021-04-19
699,Cars24,E-commerce,Fashion,Ahmedabad,"Mirae Asset, SoftBank Vision Fund",Series A,1438000,2023-12-05
700,DriveFit,Retail,Fashion,Ahmedabad,"Elevation Capital, Kalaari Capital",Series A,1636000,2021-03-30
701,ShareChat,Retail,Fashion,Mumbai,"Kalaari Capital, LCatterton",Series A,2940000,2021-04-29
702,Innovaccer,E-commerce,Fashion,Pune,"Info Edge, SoftBank Vision Fund, Tiger Global",Series A,1104000,2022-06-08
703,FinSpace,Retail,Fashion,Ahmedabad,"Info Edge, Nexus Venture Partners, Tiger Global Management",Series A,4765000,2020-07-14
704,FreshBox,Retail,Fashion,Ahmedabad,"Kalaari Capital, Lightspeed India",Series A,5010000,2022-03-11
705,UrbanDrive,Retail,Fashion,Noida,"Mirae Asset, Nexus Venture Partners",Series A,1806000,2024-12-11
706,GrowthFlow,Logistics,Fleet Management,Ahmedabad,Omidyar Network,Series A,1316000,2024-01-17
707,SkillSolutions,Logistics,Fleet Management,Bengaluru,"Info Edge, Peak XV, SoftBank Vision Fund",Series A,8795000,2022-02-06
708,AutoMart,Logistics,Fleet Management,Noida,Prosus Ventures,Series A,1458000,2023-02-04
709,NextSense,Logistics,Fleet Management,Gurugram,"Elevation Capital, Sequoia Capital India",Series A,1335000,2023-11-03
710,ClearDekho,FoodTech,Food Delivery,Ahmedabad,"Info Edge, LCatterton, Zodius Capital",Series A,1105000,2024-06-09
711,FoodFit,FoodTech,Food Delivery,Delhi,Peak XV,Series A,1847000,2022-10-15
712,GreenMart,FoodTech,Food Delivery,Noida,Kedaara Capital,Series A,14601000,2023-07-28
713,Freshworks,FoodTech,Food Delivery,Chennai,"Falcon Edge, Prosus Ventures",Series A,14717000,2020-02-04
714,HomeFoods,FoodTech,Food Delivery,Noida,Matrix Partners India,Series A,3558000,2023-12-06
715,FoodLoop,FoodTech,Food Delivery,Hyderabad,"Bessemer Venture Partners, Elevation Capital, Peak XV",Series A,5476000,2025-03-27
716,Dailyhunt,FoodTech,Food Delivery,Hyderabad,Omidyar Network,Series A,1648000,2022-05-15
717,FreshToHome,FoodTech,Food Delivery,Kolkata,Blume Ventures,Series A,2894000,2022-01-18
718,QuantumSolutions,FoodTech,Food Delivery,Hyderabad,Falcon Edge,Series A,13499000,2024-04-08
719,NextStack,FoodTech,Food Delivery,Mumbai,"Kedaara Capital, Sequoia Capital India, Y Combinator",Series A,5720000,2025-04-06
720,ShareChat,FoodTech,Food Delivery,Delhi,"Info Edge, Omidyar Network",Series A,14507000,2022-05-15
721,CloudLabs,FoodTech,Grocery,Delhi,"A91 Partners, Sequoia Capital India",Series A,1587000,2021-09-08
722,LogiMart,Retail,Grocery,Ahmedabad,Bessemer Venture Partners,Series A,1465000,2023-06-20
723,Razorpay,FoodTech,Grocery,Pune,Lightspeed India,Series A,6782000,2020-02-22
724,AgriHive,FoodTech,Grocery,Pune,Sequoia Capital India,Series A,1339000,2023-12-03
725,ShareChat,E-commerce,Grocery,Noida,"IFC, Sequoia Capital India",Series A,1657000,2022-11-05
726,HealthWorks,E-commerce,Grocery,Gurugram,LCatterton,Series A,5808000,2024-01-20
727,FinFoods_246,FoodTech,Grocery,Ahmedabad,Blume Ventures,Series A,3188000,2024-11-24
728,MediWorks,Retail,Grocery,Chennai,SoftBank Vision Fund,Series A,10074000,2023-08-21
729,WorkFit,FoodTech,Grocery,Pune,LCatterton,Series A,1461000,2024-10-23
730,HyperLoop,Retail,Grocery,Mumbai,"Falcon Edge, Omidyar Network",Series A,2765000,2023-05-09
731,QuantumDrive,Retail,Grocery,Noida,Accel,Series A,1290000,2025-02-15
732,UrbanDrive,FoodTech,Grocery,Kolkata,"Elevation Capital, Kalaari Capital",Series A,10764000,2021-04-27
733,Ola,Retail,Grocery,Ahmedabad,"Blume Ventures, IFC",Series A,5333000,2022-07-11
734,Delhivery,E-commerce,Grocery,Chennai,"Accel, Mirae Asset, SoftBank Vision Fund",Series A,1418000,2021-03-21
735,PharmEasy,FoodTech,Grocery,Chennai,"IFC, Sequoia Capital India",Series A,2134000,2020-10-24
736,GreenMart,Retail,Grocery,Ahmedabad,Bessemer Venture Partners,Series A,2643000,2024-06-15
737,Zomato,FoodTech,Grocery,Hyderabad,Tiger Global,Series A,2658000,2023-05-10
738,AgriSense,SaaS,HRTech,Hyderabad,"Blume Ventures, Info Edge",Series A,1604000,2024-01-09
739,Porter,SaaS,HRTech,Kolkata,"Elevation Capital, Kedaara Capital, Omidyar Network",Series A,1411000,2024-07-24
740,Rapido,SaaS,HRTech,Hyderabad,"Accel, LCatterton, Mirae Asset",Series A,14442000,2022-02-04
741,HomeAnalytics,HealthTech,Health Analytics,Delhi,Kalaari Capital,Series A,11198000,2023-05-25
742,ClearDekho,HealthTech,Health Analytics,Bengaluru,"Peak XV, Zodius Capital",Series A,1254000,2020-04-09
743,ClearDekho,HealthTech,Health Analytics,Noida,Lightspeed India,Series A,2168000,2020-07-07
744,Cars24,HealthTech,Health Analytics,Noida,Falcon Edge,Series A,5362000,2022-03-23
745,FreshTech,HealthTech,Health Analytics,Ahmedabad,Blume Ventures,Series A,2933000,2025-06-09
746,Delhivery,RealEstate,Home Services,Hyderabad,Tiger Global Management,Series A,1071000,2021-09-10
747,GrowthFlow,RealEstate,Home Services,Gurugram,Ventures India,Series A,2134000,2022-11-09
748,Zepto,RealEstate,Home Services,Noida,"Accel, Prosus Ventures",Series A,6770000,2023-12-05
749,BlueTech,RealEstate,Home Services,Pune,Mirae Asset,Series A,5750000,2020-03-02
750,DriveEdge,RealEstate,Home Services,Hyderabad,Nexus Venture Partners,Series A,1449000,2023-01-13
751,Chargebee,RealEstate,Home Services,Delhi,"Bessemer Venture Partners, Kedaara Capital, Prosus Ventures",Series A,1068000,2020-10-25
752,WorkFit,RealEstate,Home Services,Delhi,"Kedaara Capital, Tiger Global Management, Ventures India",Series A,1883000,2020-05-24
753,FinSense,FinTech,InsurTech,Pune,"Elevation Capital, IFC, Zodius Capital",Series A,1903000,2020-07-29
754,Razorpay,EdTech,K12,Ahmedabad,Prosus Ventures,Series A,4070000,2020-04-05
755,FarmBox,EdTech,K12,Hyderabad,Peak XV,Series A,12394000,2022-04-23
756,Udaan,EdTech,K12,Bengaluru,"LCatterton, Mirae Asset, Nexus Venture Partners",Series A,3074000,2020-11-30
757,Ola,Logistics,Last Mile,Ahmedabad,"Mirae Asset, Tiger Global Management",Series A,8074000,2024-07-25
758,PhonePe,Logistics,Last Mile,Delhi,"Accel, Falcon Edge",Series A,4267000,2024-01-29
759,BharatPe,FinTech,Lending,Hyderabad,Info Edge,Series A,3388000,2023-07-13
760,Porter,FinTech,Lending,Kolkata,"Mirae Asset, Omidyar Network, Tiger Global Management",Series A,2960000,2022-04-09
761,EduBox,SaaS,MarTech,Mumbai,Kalaari Capital,Series A,1451000,2022-12-20
762,DriveEdge,SaaS,MarTech,Delhi,"Blume Ventures, Info Edge, Ribbit Capital",Series A,1496000,2025-03-05
763,NimbusLabs_846,SaaS,MarTech,Kolkata,"Accel, IFC, Nexus Venture Partners",Series A,1260000,2024-09-28
764,Delhivery,SaaS,MarTech,Kolkata,Tiger Global Management,Series A,4137000,2021-06-26
765,NeoSense,AgriTech,Marketplace,Hyderabad,"Accel, Kedaara Capital",Series A,11321000,2023-05-24
766,FoodLoop,AgriTech,Marketplace,Hyderabad,"Falcon Edge, Kedaara Capital",Series A,5167000,2022-11-04
767,LogiMart,E-commerce,Marketplace,Noida,"Elevation Capital, Peak XV",Series A,5977000,2024-01-16
768,DriveEdge,E-commerce,Marketplace,Bengaluru,Accel,Series A,11170000,2021-11-10
769,NimbusLabs,AgriTech,Marketplace,Kolkata,Omidyar Network,Series A,1104000,2022-06-23
770,DriveFit,AgriTech,Marketplace,Kolkata,Zodius Capital,Series A,1413000,2021-10-01
771,BharatPe,E-commerce,Marketplace,Delhi,Bessemer Venture Partners,Series A,9897000,2024-08-30
772,HyperLabs,E-commerce,Marketplace,Gurugram,"IFC, Prosus Ventures, Ventures India",Series A,3403000,2025-06-08
773,Delhivery,AgriTech,Marketplace,Delhi,Y Combinator,Series A,1113000,2020-12-25
774,CoreConnect,E-commerce,Marketplace,Chennai,"Peak XV, Ribbit Capital",Series A,3668000,2023-11-09
775,CloudLabs,AgriTech,Marketplace,Noida,SoftBank Vision Fund,Series A,1121000,2022-05-09
776,NextSense,Mobility,Micro Mobility,Hyderabad,"A91 Partners, Falcon Edge, Prosus Ventures",Series A,1643000,2024-07-10
777,AgriHive,Mobility,Micro Mobility,Chennai,Tiger Global Management,Series A,5621000,2021-10-21
778,EduMart,Mobility,Micro Mobility,Mumbai,"Bessemer Venture Partners, Tiger Global",Series A,11213000,2021-03-29
779,Bounce,Mobility,Micro Mobility,Delhi,Blume Ventures,Series A,1287000,2023-04-04
780,NeoLabs,Mobility,Micro Mobility,Bengaluru,Peak XV,Series A,1582000,2024-09-14
781,AeroHub,Mobility,Micro Mobility,Gurugram,A91 Partners,Series A,2012000,2025-04-24
782,Cars24,Mobility,Micro Mobility,Mumbai,"Accel, Blume Ventures, Ventures India",Series A,2525000,2024-04-18
783,Oyo,Mobility,Micro Mobility,Chennai,"Peak XV, Ventures India",Series A,12223000,2024-02-12
784,Housejoy,Mobility,Micro Mobility,Pune,Ribbit Capital,Series A,2970000,2025-06-09
785,LogiRise,FinTech,NeoBank,Ahmedabad,Kalaari Capital,Series A,1617000,2022-05-09
786,Cars24,FinTech,Payments,Hyderabad,Elevation Capital,Series A,5935000,2020-08-07
787,Groww,HealthTech,Pharmacy,Mumbai,"IFC, SoftBank Vision Fund",Series A,9144000,2023-10-24
788,CureFit,HealthTech,Pharmacy,Kolkata,Y Combinator,Series A,6387000,2020-05-20
789,BigBasket,HealthTech,Pharmacy,Gurugram,Bessemer Venture Partners,Series A,2828000,2025-06-11
790,Postman,HealthTech,Pharmacy,Hyderabad,"Kedaara Capital, Peak XV",Series A,4358000,2020-12-06
791,AutoFlow,HealthTech,Pharmacy,Gurugram,"Bessemer Venture Partners, Sequoia Capital India, Zodius Capital",Series A,6610000,2025-05-03
792,HyperSpace,RealEstate,PropTech,Mumbai,"Info Edge, Ribbit Capital",Series A,1969000,2020-01-18
793,Urban Company,RealEstate,PropTech,Gurugram,Mirae Asset,Series A,13274000,2020-08-18
794,ClearDekho,RealEstate,PropTech,Ahmedabad,"Lightspeed India, Sequoia Capital India",Series A,11144000,2024-04-24
795,AeroStack,RealEstate,PropTech,Hyderabad,"Kalaari Capital, Ribbit Capital",Series A,2623000,2022-03-31
796,BlueSpace,RealEstate,PropTech,Kolkata,Accel,Series A,9459000,2023-04-18
797,Rapido,RealEstate,PropTech,Gurugram,Mirae Asset,Series A,6055000,2021-03-12
798,Udaan,RealEstate,PropTech,Gurugram,"Info Edge, SoftBank Vision Fund",Series A,9971000,2022-02-20
799,FreshSolutions,RealEstate,PropTech,Mumbai,Accel,Series A,7370000,2024-10-09
800,Ola,E-commerce,Quick Commerce,Pune,Elevation Capital,Series A,8905000,2020-05-14
801,QuantumSolutions,E-commerce,Quick Commerce,Delhi,"Bessemer Venture Partners, Nexus Venture Partners",Series A,2518000,2022-03-03
802,CoreConnect,E-commerce,Quick Commerce,Delhi,"Lightspeed India, Omidyar Network",Series A,5554000,2022-09-18
803,HealthAnalytics,E-commerce,Quick Commerce,Chennai,"Nexus Venture Partners, Y Combinator",Series A,1065000,2024-09-16
804,Paytm,E-commerce,Quick Commerce,Bengaluru,"Kalaari Capital, Ribbit Capital",Series A,4485000,2021-08-26
805,UrbanDrive,RealEstate,Rental Tech,Pune,"Blume Ventures, Info Edge, Sequoia Capital India",Series A,1187000,2024-12-17
806,DataAnalytics,RealEstate,Rental Tech,Delhi,"Sequoia Capital India, Ventures India",Series A,3902000,2022-05-10
807,NeoLabs,RealEstate,Rental Tech,Ahmedabad,Falcon Edge,Series A,12481000,2023-02-25
808,Innovaccer,RealEstate,Rental Tech,Delhi,"Kedaara Capital, LCatterton, Tiger Global Management",Series A,12915000,2022-11-20
809,FreshSolutions,Mobility,Ride Sharing,Chennai,Accel,Series A,6014000,2023-09-19
810,WorkFit,Mobility,Ride Sharing,Ahmedabad,"Blume Ventures, Matrix Partners India",Series A,3994000,2023-11-04
811,CoreSpace,Mobility,Ride Sharing,Chennai,IFC,Series A,13122000,2022-04-26
812,WorkPay,Enterprise,Security,Ahmedabad,Tiger Global,Series A,5243000,2022-05-30
813,BlueSpace,Enterprise,Security,Kolkata,Blume Ventures,Series A,2359000,2024-02-09
814,Udaan,Enterprise,Security,Bengaluru,"Falcon Edge, Tiger Global Management",Series A,5402000,2021-02-03
815,Razorpay,Enterprise,Security,Pune,"IFC, Mirae Asset",Series A,9037000,2022-10-05
816,FinSense,Enterprise,Security,Hyderabad,Zodius Capital,Series A,2326000,2020-03-27
817,GrowthConnect,Enterprise,Security,Ahmedabad,Sequoia Capital India,Series A,1511000,2022-05-12
818,AutoMart,AgriTech,Smart Farming,Pune,"Nexus Venture Partners, SoftBank Vision Fund, Tiger Global Management",Series A,5813000,2022-05-31
819,BlueSpace,AgriTech,Smart Farming,Bengaluru,Omidyar Network,Series A,2372000,2023-08-31
820,ShareChat,AgriTech,Smart Farming,Ahmedabad,"Prosus Ventures, Tiger Global Management, Zodius Capital",Series A,4680000,2021-06-12
821,WorkStack_1002,AgriTech,Smart Farming,Chennai,Falcon Edge,Series A,10633000,2024-02-28
822,Cars24,Consumer Electronics,Smart Home,Noida,"LCatterton, Tiger Global Management",Series A,7671000,2021-11-22
823,LogiSense,Consumer Electronics,Smart Home,Bengaluru,Kalaari Capital,Series A,2550000,2021-06-21
824,FoodSolutions,Consumer Electronics,Smart Home,Delhi,Kalaari Capital,Series A,1372000,2020-09-05
825,HyperLoop_850,Consumer Electronics,Smart Home,Kolkata,Omidyar Network,Series A,1199000,2025-05-10
826,DataHive,Consumer Electronics,Smart Home,Kolkata,"A91 Partners, SoftBank Vision Fund",Series A,5042000,2021-11-09
827,UrbanSolutions,Media,Social,Mumbai,"Elevation Capital, Kedaara Capital, Matrix Partners India",Series A,8159000,2024-08-28
828,SmartTech_599,Media,Social,Hyderabad,Lightspeed India,Series A,1117000,2020-02-16
829,GrowthCare,Media,Social,Kolkata,"Kedaara Capital, Ventures India",Series A,1560000,2020-06-19
830,HyperSpace_791,Media,Social,Mumbai,Y Combinator,Series A,4892000,2020-02-24
831,Oyo,Media,Social,Kolkata,"A91 Partners, Kalaari Capital, Ventures India",Series A,10610000,2021-10-01
832,Housejoy,Media,Social,Kolkata,Peak XV,Series A,1756000,2024-03-08
833,Oyo,Media,Streaming,Gurugram,"Bessemer Venture Partners, Tiger Global Management",Series A,3786000,2023-04-26
834,BigBasket,Media,Streaming,Delhi,Peak XV,Series A,11477000,2022-01-16
835,Udaan,Media,Streaming,Delhi,"Accel, Falcon Edge",Series A,1763000,2023-08-16
836,DriveEdge,Media,Streaming,Bengaluru,Nexus Venture Partners,Series A,14397000,2022-01-16
837,WorkStack,Media,Streaming,Delhi,Lightspeed India,Series A,10148000,2023-01-12
838,MediWorks,AgriTech,Supply Chain,Gurugram,"Matrix Partners India, Sequoia Capital India",Series A,4119000,2021-06-04
839,FinSpace,Logistics,Supply Chain,Hyderabad,Matrix Partners India,Series A,1936000,2023-03-19
840,HealthAnalytics,Logistics,Supply Chain,Mumbai,Lightspeed India,Series A,1303000,2020-01-17
841,PharmEasy,AgriTech,Supply Chain,Bengaluru,LCatterton,Series A,4382000,2020-01-02
842,GreenConnect,AgriTech,Supply Chain,Mumbai,IFC,Series A,7635000,2020-07-25
843,FoodSolutions,Logistics,Supply Chain,Kolkata,Blume Ventures,Series A,8890000,2022-08-26
844,BlueTech,AgriTech,Supply Chain,Noida,Elevation Capital,Series A,3424000,2023-01-30
845,FarmFit,AgriTech,Supply Chain,Pune,Falcon Edge,Series A,1265000,2020-04-04
846,Innovaccer,AgriTech,Supply Chain,Kolkata,"Kalaari Capital, Lightspeed India",Series A,4139000,2023-02-04
847,Innovaccer,AgriTech,Supply Chain,Ahmedabad,Kedaara Capital,Series A,3039000,2024-02-05
848,HealthRise,AgriTech,Supply Chain,Gurugram,"Accel, Peak XV, Ribbit Capital",Series A,2937000,2024-02-27
849,FreshTech,Logistics,Supply Chain,Bengaluru,"Matrix Partners India, Nexus Venture Partners, Zodius Capital",Series A,11442000,2023-09-08
850,FinSpace,Logistics,Supply Chain,Chennai,Matrix Partners India,Series A,2185000,2025-03-30
851,Dunzo,HealthTech,Telemedicine,Chennai,"Elevation Capital, Matrix Partners India",Series A,14477000,2023-05-01
852,EduMart,HealthTech,Telemedicine,Gurugram,Bessemer Venture Partners,Series A,1130000,2024-05-28
853,Postman,EdTech,Test Prep,Chennai,Ventures India,Series A,12766000,2023-01-10
854,Nykaa,EdTech,Test Prep,Gurugram,Kalaari Capital,Series A,3510000,2024-06-08
855,CloudPay,EdTech,Test Prep,Kolkata,"Nexus Venture Partners, Peak XV",Series A,7441000,2020-04-21
856,DriveLoop,EdTech,Test Prep,Ahmedabad,"Elevation Capital, Nexus Venture Partners",Series A,7379000,2024-10-15
857,FarmTech,EdTech,UpSkilling,Noida,Accel,Series A,4142000,2025-01-28
858,Meesho,EdTech,UpSkilling,Noida,Kedaara Capital,Series A,1580000,2024-02-03
859,Razorpay,EdTech,UpSkilling,Pune,Sequoia Capital India,Series A,3483000,2024-03-04
860,FarmFit,FinTech,WealthTech,Hyderabad,"Mirae Asset, Sequoia Capital India",Series A,1046000,2024-07-27
861,Cars24,FinTech,WealthTech,Gurugram,"A91 Partners, Bessemer Venture Partners",Series A,1150000,2020-12-10
862,WorkPay,FinTech,WealthTech,Chennai,A91 Partners,Series A,1383000,2024-09-21
863,HyperLabs,FinTech,WealthTech,Noida,"Kalaari Capital, LCatterton, Ribbit Capital",Series A,1932000,2020-10-27
864,Dunzo,Consumer Electronics,Wearables,Pune,"Accel, Prosus Ventures, SoftBank Vision Fund",Series A,6900000,2022-03-25
865,Dailyhunt,Consumer Electronics,Wearables,Chennai,Zodius Capital,Series A,7866000,2022-05-07
866,NimbusLabs,Consumer Electronics,Wearables,Kolkata,"Sequoia Capital India, Ventures India",Series A,1260000,2020-06-18
867,BharatPe,Consumer Electronics,Wearables,Noida,"Matrix Partners India, Ventures India, Y Combinator",Series A,1040000,2024-08-11
868,HomeMart,Consumer Electronics,Wearables,Noida,Y Combinator,Series A,5696000,2020-06-28
869,NextStack,Consumer Electronics,Wearables,Delhi,"Lightspeed India, Zodius Capital",Series A,3110000,2021-02-27
870,NeoTech,Consumer Electronics,Wearables,Pune,"Elevation Capital, Kalaari Capital, Lightspeed India",Series A,1592000,2020-03-30
871,BigBasket,Consumer Electronics,Wearables,Chennai,SoftBank Vision Fund,Series A,6758000,2022-09-11
872,FinFoods_744,Enterprise,Analytics,Noida,"Ribbit Capital, SoftBank Vision Fund",Series B,9519000,2022-04-23
873,DataHive,Enterprise,Analytics,Pune,"Tiger Global, Y Combinator",Series B,26119000,2022-02-14
874,HomeFoods,Consumer Electronics,Audio,Hyderabad,Kalaari Capital,Series B,7389000,2020-12-11
875,NimbusWorks,Consumer Electronics,Audio,Pune,"Mirae Asset, Peak XV",Series B,9872000,2022-12-12
876,HomeFoods,Enterprise,Automation,Bengaluru,"Falcon Edge, Tiger Global",Series B,7347000,2023-07-18
877,LogiRise,Enterprise,Automation,Delhi,Sequoia Capital India,Series B,47223000,2021-04-22
878,FarmBox,Enterprise,Automation,Mumbai,"Lightspeed India, Nexus Venture Partners",Series B,12830000,2021-08-24
879,NeoLabs_1063,Enterprise,Automation,Noida,"Nexus Venture Partners, Tiger Global Management, Ventures India",Series B,15923000,2024-06-06
880,Myntra,SaaS,B2B SaaS,Mumbai,"Prosus Ventures, Tiger Global, Y Combinator",Series B,16887000,2022-07-27
881,NextFlow,FoodTech,Cloud Kitchen,Noida,"A91 Partners, Kedaara Capital, LCatterton",Series B,67565000,2021-08-01
882,NeoLabs,EdTech,Coding Bootcamp,Delhi,A91 Partners,Series B,25052000,2020-08-10
883,NeoSense,EdTech,Coding Bootcamp,Chennai,Y Combinator,Series B,34466000,2024-06-14
884,AeroAnalytics,Media,Content,Mumbai,Y Combinator,Series B,14870000,2025-04-10
885,Housejoy,Media,Content,Gurugram,Kalaari Capital,Series B,72324000,2023-12-12
886,AutoMart,Media,Content,Chennai,Accel,Series B,25007000,2021-06-08
887,Ola,E-commerce,D2C,Pune,Elevation Capital,Series B,64925000,2023-01-31
888,CloudPay,E-commerce,D2C,Pune,"Bessemer Venture Partners, Kedaara Capital, Nexus Venture Partners",Series B,19160000,2025-01-31
889,UrbanDrive,E-commerce,D2C,Pune,"Accel, IFC",Series B,59057000,2021-07-10
890,Oyo,SaaS,DevTools,Delhi,"Blume Ventures, Peak XV, Ribbit Capital",Series B,71839000,2022-06-13
891,AutoFlow,SaaS,DevTools,Kolkata,Tiger Global Management,Series B,24587000,2023-07-18
892,SkillFlow,SaaS,DevTools,Gurugram,"Falcon Edge, Info Edge, Tiger Global",Series B,25685000,2025-01-02
893,ClearTax,Retail,E-Retail,Delhi,"Kalaari Capital, Nexus Venture Partners, Ribbit Capital",Series B,38638000,2024-06-08
894,Udaan,Mobility,EV,Delhi,"Accel, Sequoia Capital India",Series B,13444000,2024-03-21
895,Dailyhunt,Mobility,EV,Noida,"Blume Ventures, Y Combinator",Series B,13131000,2021-01-23
896,Oyo,Mobility,EV,Chennai,Kalaari Capital,Series B,65083000,2021-10-03
897,SmartTech,Retail,Fashion,Ahmedabad,"Info Edge, Lightspeed India",Series B,5988000,2022-08-10
898,FarmBox,Retail,Fashion,Delhi,"Prosus Ventures, Ribbit Capital",Series B,69429000,2021-08-04
899,QuantumDrive,E-commerce,Fashion,Pune,"Info Edge, Kedaara Capital",Series B,59765000,2024-08-24
900,SkillSolutions,E-commerce,Fashion,Mumbai,"Bessemer Venture Partners, Omidyar Network, Sequoia Capital India",Series B,46994000,2023-08-07
901,QuantumDrive,Retail,Fashion,Gurugram,"Bessemer Venture Partners, Tiger Global Management",Series B,5381000,2024-06-30
902,Bounce,Retail,Fashion,Mumbai,Ribbit Capital,Series B,6917000,2020-07-26
903,NeoTech,Logistics,Fleet Management,Hyderabad,"A91 Partners, Kedaara Capital",Series B,26948000,2021-10-30
904,AgriFit,FoodTech,Food Delivery,Noida,"LCatterton, Mirae Asset",Series B,62216000,2023-01-23
905,BlueRise,FoodTech,Food Delivery,Bengaluru,Ventures India,Series B,5546000,2021-02-25
906,Udaan,FoodTech,Food Delivery,Hyderabad,"Blume Ventures, Elevation Capital",Series B,18027000,2025-05-22
907,Dream11,Retail,Grocery,Ahmedabad,Info Edge,Series B,5077000,2023-03-11
908,Bounce,FoodTech,Grocery,Hyderabad,Info Edge,Series B,10595000,2024-12-01
909,LogiMart,FoodTech,Grocery,Bengaluru,Sequoia Capital India,Series B,28352000,2021-06-16
910,CRED,E-commerce,Grocery,Hyderabad,"Tiger Global Management, Y Combinator",Series B,25964000,2023-02-19
911,SkillSolutions,FoodTech,Grocery,Gurugram,Accel,Series B,6730000,2023-06-07
912,QuantumSolutions,E-commerce,Grocery,Kolkata,Tiger Global Management,Series B,45193000,2025-05-15
913,NoBroker,E-commerce,Grocery,Delhi,Peak XV,Series B,50620000,2020-09-17
914,EduBox_144,SaaS,HRTech,Mumbai,Omidyar Network,Series B,11014000,2025-06-24
915,Cars24,SaaS,HRTech,Chennai,Sequoia Capital India,Series B,41297000,2020-07-13
916,CureFit,HealthTech,Health Analytics,Noida,Accel,Series B,11211000,2023-02-22
917,BigBasket,HealthTech,Health Analytics,Ahmedabad,"Mirae Asset, Nexus Venture Partners",Series B,31619000,2020-02-19
918,FreshTech,RealEstate,Home Services,Delhi,"Accel, LCatterton, Tiger Global Management",Series B,9715000,2024-08-24
919,GreenConnect,RealEstate,Home Services,Chennai,"IFC, Tiger Global",Series B,9425000,2023-03-16
920,FinFoods_1034,RealEstate,Home Services,Bengaluru,Tiger Global Management,Series B,6189000,2024-11-23
921,SkillFlow,FinTech,InsurTech,Pune,"Kedaara Capital, Zodius Capital",Series B,10246000,2024-06-22
922,Dream11,FinTech,InsurTech,Hyderabad,Info Edge,Series B,34436000,2024-03-26
923,LogiSense,FinTech,InsurTech,Chennai,Sequoia Capital India,Series B,19914000,2022-12-05
924,AutoStack,FinTech,InsurTech,Delhi,Prosus Ventures,Series B,18981000,2020-01-02
925,AutoMart,FinTech,InsurTech,Hyderabad,Kedaara Capital,Series B,12899000,2024-11-08
926,FreshBox,FinTech,InsurTech,Chennai,Sequoia Capital India,Series B,9461000,2024-12-23
927,DataHive,EdTech,K12,Mumbai,"Accel, Zodius Capital",Series B,26816000,2023-12-28
928,CRED,Logistics,Last Mile,Gurugram,Y Combinator,Series B,28486000,2022-09-24
929,Ola,Logistics,Last Mile,Chennai,Zodius Capital,Series B,59611000,2022-04-28
930,CRED,Logistics,Last Mile,Chennai,Kedaara Capital,Series B,59720000,2024-08-27
931,HyperLabs,FinTech,Lending,Ahmedabad,Tiger Global,Series B,12397000,2024-06-25
932,Chargebee,AgriTech,Marketplace,Bengaluru,Kedaara Capital,Series B,50673000,2023-03-23
933,FreshBox,AgriTech,Marketplace,Kolkata,"Accel, Info Edge, Prosus Ventures",Series B,69115000,2022-01-14
934,Razorpay,AgriTech,Marketplace,Kolkata,Bessemer Venture Partners,Series B,25663000,2020-11-13
935,FoodFit,AgriTech,Marketplace,Mumbai,Omidyar Network,Series B,38525000,2023-03-30
936,Swiggy,Mobility,Micro Mobility,Kolkata,Kalaari Capital,Series B,17686000,2020-10-31
937,Dailyhunt,FinTech,Payments,Hyderabad,"Falcon Edge, IFC, Ventures India",Series B,48819000,2020-01-26
938,Oyo,HealthTech,Pharmacy,Mumbai,Y Combinator,Series B,50768000,2021-05-27
939,FoodLoop,HealthTech,Pharmacy,Noida,Prosus Ventures,Series B,29557000,2020-11-09
940,HomeAnalytics,RealEstate,PropTech,Hyderabad,IFC,Series B,6655000,2022-11-17
941,CoreConnect,RealEstate,PropTech,Bengaluru,LCatterton,Series B,14710000,2021-08-28
942,Urban Company,RealEstate,PropTech,Hyderabad,"Peak XV, Ribbit Capital, Sequoia Capital India",Series B,21323000,2025-02-15
943,CloudSolutions,E-commerce,Quick Commerce,Kolkata,Y Combinator,Series B,68288000,2020-12-25
944,Unacademy,E-commerce,Quick Commerce,Pune,Ventures India,Series B,28354000,2025-04-03
945,MediSpace,E-commerce,Quick Commerce,Kolkata,"Lightspeed India, Omidyar Network",Series B,56361000,2025-02-03
946,DriveFit,RealEstate,Rental Tech,Gurugram,Falcon Edge,Series B,12266000,2023-04-20
947,Groww,Mobility,Ride Sharing,Hyderabad,"Nexus Venture Partners, Peak XV",Series B,38052000,2021-03-14
948,HealthWorks,Mobility,Ride Sharing,Bengaluru,Accel,Series B,8387000,2024-08-07
949,FinFoods,Mobility,Ride Sharing,Mumbai,Tiger Global Management,Series B,14327000,2022-12-25
950,Dunzo,Mobility,Ride Sharing,Kolkata,"Y Combinator, Zodius Capital",Series B,10531000,2021-12-23
951,AgriFit,Mobility,Ride Sharing,Mumbai,Sequoia Capital India,Series B,13365000,2020-04-01
952,CoreConnect,Enterprise,Security,Kolkata,"LCatterton, SoftBank Vision Fund, Tiger Global",Series B,21321000,2020-01-03
953,HomeMart,Enterprise,Security,Bengaluru,Matrix Partners India,Series B,5493000,2023-08-14
954,NextSense,AgriTech,Smart Farming,Ahmedabad,Y Combinator,Series B,34916000,2021-01-06
955,DriveFit,AgriTech,Smart Farming,Ahmedabad,SoftBank Vision Fund,Series B,23958000,2024-04-18
956,Razorpay,AgriTech,Smart Farming,Delhi,"Blume Ventures, LCatterton",Series B,27390000,2024-12-11
957,EduMart,Consumer Electronics,Smart Home,Ahmedabad,Tiger Global Management,Series B,18181000,2020-11-04
958,SkillSolutions,Consumer Electronics,Smart Home,Chennai,"Omidyar Network, Sequoia Capital India, Y Combinator",Series B,16426000,2020-09-10
959,NextFlow,Consumer Electronics,Smart Home,Pune,"Peak XV, Ventures India",Series B,63289000,2023-08-26
960,LogiRise,Media,Social,Bengaluru,A91 Partners,Series B,6483000,2024-06-07
961,ShareChat,Media,Social,Bengaluru,Blume Ventures,Series B,74232000,2022-08-11
962,Dailyhunt,Media,Social,Bengaluru,"LCatterton, Mirae Asset, Nexus Venture Partners",Series B,61332000,2022-01-03
963,NimbusWorks,Media,Social,Mumbai,"IFC, Peak XV",Series B,8521000,2021-05-12
964,MediSpace,Media,Social,Pune,"Accel, Info Edge",Series B,45874000,2022-08-08
965,EduTech,Media,Streaming,Pune,A91 Partners,Series B,6806000,2024-04-07
966,LogiSense,Logistics,Supply Chain,Chennai,SoftBank Vision Fund,Series B,27576000,2024-02-15
967,SmartTech,AgriTech,Supply Chain,Delhi,Lightspeed India,Series B,47312000,2022-06-18
968,LogiMart,Logistics,Supply Chain,Pune,Accel,Series B,18607000,2023-03-25
969,BharatPe,AgriTech,Supply Chain,Hyderabad,"Blume Ventures, Mirae Asset",Series B,7709000,2020-06-25
970,HomeAnalytics,HealthTech,Telemedicine,Noida,"Bessemer Venture Partners, Lightspeed India",Series B,73980000,2022-12-22
971,PharmEasy,HealthTech,Telemedicine,Gurugram,"LCatterton, Zodius Capital",Series B,24655000,2021-06-29
972,DriveEdge,HealthTech,Telemedicine,Delhi,"Kedaara Capital, LCatterton",Series B,6246000,2022-05-01
973,FarmBox,HealthTech,Telemedicine,Bengaluru,Info Edge,Series B,37933000,2021-08-06
974,MediWorks,HealthTech,Telemedicine,Mumbai,"Sequoia Capital India, Zodius Capital",Series B,57218000,2023-02-08
975,HyperLoop,EdTech,Test Prep,Ahmedabad,"Mirae Asset, SoftBank Vision Fund, Tiger Global",Series B,35610000,2020-05-04
976,Paytm,EdTech,Test Prep,Kolkata,Tiger Global,Series B,7671000,2020-07-30
977,CoreConnect_1085,EdTech,Test Prep,Chennai,Matrix Partners India,Series B,18272000,2024-03-15
978,Delhivery,EdTech,UpSkilling,Hyderabad,"A91 Partners, Mirae Asset",Series B,30480000,2023-11-14
979,QuantumSolutions,EdTech,UpSkilling,Pune,"Info Edge, Matrix Partners India, Tiger Global Management",Series B,45929000,2025-06-29
980,Porter,FinTech,WealthTech,Mumbai,"Blume Ventures, Matrix Partners India",Series B,25728000,2020-12-02
981,AutoFlow,FinTech,WealthTech,Mumbai,"Matrix Partners India, Zodius Capital",Series B,13318000,2022-12-03
982,NextFlow,Enterprise,Analytics,Hyderabad,"Accel, Nexus Venture Partners",Series C,93825000,2023-05-22
983,BlueSpace,Consumer Electronics,Audio,Delhi,"Kedaara Capital, Tiger Global Management",Series C,39284000,2021-04-07
984,HomeMart,Consumer Electronics,Audio,Kolkata,Blume Ventures,Series C,131237000,2024-09-19
985,HyperLoop,Consumer Electronics,Audio,Delhi,Mirae Asset,Series C,103701000,2021-05-27
986,CloudLabs,Enterprise,Automation,Chennai,Accel,Series C,54137000,2022-11-21
987,SmartTech_258,Enterprise,Automation,Chennai,Accel,Series C,93643000,2025-02-06
988,Myntra,Enterprise,Automation,Ahmedabad,"Ribbit Capital, Sequoia Capital India",Series C,28289000,2020-07-14
989,GreenMart,Enterprise,Automation,Mumbai,"Omidyar Network, Tiger Global",Series C,42009000,2020-05-06
990,AutoMart,SaaS,B2B SaaS,Hyderabad,"A91 Partners, Lightspeed India",Series C,52945000,2022-07-11
991,ClearDekho,SaaS,B2B SaaS,Bengaluru,Info Edge,Series C,122112000,2025-04-11
992,Delhivery,SaaS,B2B SaaS,Ahmedabad,Nexus Venture Partners,Series C,40689000,2025-03-03
993,AeroHub,FoodTech,Cloud Kitchen,Delhi,"Blume Ventures, Kedaara Capital",Series C,142830000,2025-03-27
994,NimbusWorks,FoodTech,Cloud Kitchen,Noida,"Info Edge, Prosus Ventures",Series C,80168000,2020-08-10
995,GreenEdge,EdTech,Coding Bootcamp,Pune,"Kedaara Capital, SoftBank Vision Fund",Series C,47319000,2022-03-27
996,QuantumSolutions_441,EdTech,Coding Bootcamp,Chennai,"A91 Partners, Info Edge",Series C,289340000,2020-06-10
997,UrbanSolutions,EdTech,Coding Bootcamp,Pune,"Bessemer Venture Partners, LCatterton",Series C,24686000,2021-12-07
998,NeoSense,EdTech,Coding Bootcamp,Chennai,"Kalaari Capital, Kedaara Capital, Zodius Capital",Series C,42331000,2023-05-30
999,SkillSolutions,EdTech,Coding Bootcamp,Mumbai,Kalaari Capital,Series C,98917000,2023-05-27
1000,HomeAnalytics,Media,Content,Chennai,Matrix Partners India,Series C,47487000,2021-11-09
1001,HealthWorks,Media,Content,Pune,"Matrix Partners India, Tiger Global",Series C,245913000,2020-04-29
1002,Ola,Media,Content,Chennai,Accel,Series C,141411000,2024-12-09
1003,EduMart,Media,Content,Mumbai,"Kalaari Capital, Matrix Partners India",Series C,182986000,2023-09-22
1004,InMobi,Media,Content,Pune,Info Edge,Series C,145412000,2021-10-03
1005,MediSpace,HealthTech,Diagnostics,Ahmedabad,Omidyar Network,Series C,230417000,2021-04-03
1006,FarmTech,HealthTech,Diagnostics,Kolkata,Nexus Venture Partners,Series C,67366000,2024-05-15
1007,Ola,HealthTech,Diagnostics,Delhi,SoftBank Vision Fund,Series C,20605000,2020-05-03
1008,FarmBox,Retail,E-Retail,Hyderabad,"Elevation Capital, Ribbit Capital",Series C,65870000,2022-12-03
1009,Housejoy,Retail,E-Retail,Gurugram,"Kedaara Capital, Ribbit Capital, Y Combinator",Series C,142883000,2023-04-19
1010,GrowthFlow,Retail,E-Retail,Gurugram,"Tiger Global, Y Combinator",Series C,41465000,2022-04-29
1011,Nykaa,Retail,E-Retail,Hyderabad,"Blume Ventures, Falcon Edge",Series C,122297000,2021-04-28
1012,MediSpace_1029,Retail,E-Retail,Ahmedabad,Lightspeed India,Series C,188760000,2020-03-26
1013,UrbanDrive,Mobility,EV,Chennai,"Falcon Edge, Kedaara Capital, Tiger Global Management",Series C,132064000,2020-10-13
1014,Razorpay,Mobility,EV,Noida,Blume Ventures,Series C,151723000,2025-05-25
1015,LogiRise,Mobility,EV,Kolkata,"A91 Partners, Falcon Edge, Tiger Global",Series C,35458000,2022-04-27
1016,SmartCare_770,Mobility,EV,Pune,LCatterton,Series C,26986000,2022-04-23
1017,CoreSpace,Retail,Fashion,Gurugram,"Accel, IFC",Series C,110486000,2023-10-25
1018,MediWorks,Retail,Fashion,Delhi,"A91 Partners, Blume Ventures",Series C,42389000,2020-10-14
1019,GrowthCare,Retail,Fashion,Gurugram,SoftBank Vision Fund,Series C,65689000,2024-04-07
1020,Flipkart,E-commerce,Fashion,Ahmedabad,Omidyar Network,Series C,163351000,2021-12-28
1021,QuantumAnalytics,Retail,Fashion,Chennai,Nexus Venture Partners,Series C,47415000,2021-04-02
1022,UrbanSolutions,Retail,Fashion,Mumbai,"Info Edge, Ribbit Capital, Y Combinator",Series C,109404000,2024-11-06
1023,DataHive,Logistics,Fleet Management,Delhi,"LCatterton, Omidyar Network",Series C,29202000,2023-07-30
1024,AutoStack_777,Logistics,Fleet Management,Bengaluru,LCatterton,Series C,141405000,2024-05-21
1025,AgriHive,FoodTech,Food Delivery,Ahmedabad,"A91 Partners, Info Edge, Matrix Partners India",Series C,261867000,2025-02-02
1026,AutoStack,FoodTech,Grocery,Kolkata,Peak XV,Series C,195631000,2024-03-31
1027,NeoSense,FoodTech,Grocery,Chennai,"A91 Partners, Matrix Partners India",Series C,75927000,2021-10-24
1028,MediSpace,FoodTech,Grocery,Kolkata,Bessemer Venture Partners,Series C,21255000,2023-01-07
1029,HyperLoop,Retail,Grocery,Bengaluru,Ventures India,Series C,257828000,2022-05-25
1030,Unacademy,E-commerce,Grocery,Pune,"Kedaara Capital, Lightspeed India, Ventures India",Series C,277385000,2021-07-04
1031,CoreFlow,SaaS,HRTech,Ahmedabad,LCatterton,Series C,38931000,2023-10-23
1032,Udaan,HealthTech,Health Analytics,Bengaluru,Mirae Asset,Series C,21480000,2024-08-13
1033,FarmBox,FinTech,InsurTech,Noida,Matrix Partners India,Series C,27201000,2020-06-19
1034,ShareChat,FinTech,InsurTech,Delhi,"Accel, Peak XV",Series C,117144000,2024-01-09
1035,EduTech,FinTech,Lending,Pune,"IFC, Matrix Partners India, Zodius Capital",Series C,53939000,2022-04-23
1036,Housejoy,FinTech,Lending,Gurugram,Mirae Asset,Series C,65156000,2023-04-15
1037,ClearDekho,FinTech,Lending,Kolkata,"Mirae Asset, Tiger Global Management",Series C,142371000,2021-09-09
1038,NimbusLabs,SaaS,MarTech,Mumbai,"Prosus Ventures, Ribbit Capital",Series C,25829000,2024-06-03
1039,CloudLabs,SaaS,MarTech,Kolkata,Mirae Asset,Series C,47844000,2023-08-15
1040,NeoSense,AgriTech,Marketplace,Mumbai,"Bessemer Venture Partners, Ventures India",Series C,78705000,2023-09-15
1041,Byju's,E-commerce,Marketplace,Delhi,Y Combinator,Series C,31376000,2021-01-27
1042,CloudLabs,E-commerce,Marketplace,Mumbai,"Blume Ventures, Kalaari Capital",Series C,239814000,2024-08-27
1043,Lenskart,Mobility,Micro Mobility,Ahmedabad,Zodius Capital,Series C,120606000,2022-02-17
1044,Mobikwik,Mobility,Micro Mobility,Delhi,Sequoia Capital India,Series C,89743000,2025-05-08
1045,LogiMart,Mobility,Micro Mobility,Gurugram,"Accel, Kedaara Capital",Series C,44238000,2022-01-09
1046,CoreConnect,FinTech,NeoBank,Ahmedabad,"Kedaara Capital, Prosus Ventures, Ribbit Capital",Series C,20596000,2021-12-03
1047,Delhivery,FinTech,Payments,Pune,Y Combinator,Series C,161346000,2021-08-23
1048,Ola,FinTech,Payments,Pune,"Kedaara Capital, Mirae Asset",Series C,31977000,2024-10-27
1049,Housejoy,RealEstate,PropTech,Chennai,Mirae Asset,Series C,289004000,2024-01-15
1050,NextStack,E-commerce,Quick Commerce,Pune,"Kedaara Capital, Tiger Global",Series C,27387000,2021-07-11
1051,NeoTech,Mobility,Ride Sharing,Kolkata,A91 Partners,Series C,51004000,2023-12-14
1052,FinSense_162,Enterprise,Security,Delhi,"LCatterton, Omidyar Network",Series C,111204000,2022-08-18
1053,Meesho,Enterprise,Security,Kolkata,Zodius Capital,Series C,50332000,2024-11-11
1054,SmartCare,Enterprise,Security,Ahmedabad,LCatterton,Series C,24513000,2022-12-12
1055,SmartMart,Consumer Electronics,Smart Home,Delhi,"Bessemer Venture Partners, Elevation Capital, Info Edge",Series C,125287000,2020-05-09
1056,FreshTech,Consumer Electronics,Smart Home,Gurugram,Y Combinator,Series C,81807000,2022-06-23
1057,CloudPay,Consumer Electronics,Smart Home,Bengaluru,"Blume Ventures, SoftBank Vision Fund",Series C,125810000,2025-01-27
1058,NextStack,Consumer Electronics,Smart Home,Kolkata,SoftBank Vision Fund,Series C,36336000,2024-01-02
1059,Wakefit,Media,Streaming,Pune,Omidyar Network,Series C,37077000,2023-02-13
1060,NextSense,Media,Streaming,Delhi,Nexus Venture Partners,Series C,215209000,2022-11-07
1061,ShareChat,Media,Streaming,Chennai,Nexus Venture Partners,Series C,91037000,2020-06-28
1062,Unacademy,Logistics,Supply Chain,Gurugram,"Prosus Ventures, SoftBank Vision Fund",Series C,242794000,2023-03-13
1063,NextSense,Logistics,Supply Chain,Chennai,"Ribbit Capital, Tiger Global",Series C,22992000,2023-10-22
1064,Dream11,AgriTech,Supply Chain,Gurugram,A91 Partners,Series C,281010000,2024-07-07
1065,NimbusLabs,HealthTech,Telemedicine,Mumbai,Bessemer Venture Partners,Series C,45633000,2021-03-24
1066,MediWorks,HealthTech,Telemedicine,Hyderabad,"Falcon Edge, Kalaari Capital, Omidyar Network",Series C,30056000,2021-12-24
1067,QuantumSolutions,HealthTech,Telemedicine,Kolkata,SoftBank Vision Fund,Series C,81514000,2020-04-23
1068,FoodSolutions,EdTech,Test Prep,Bengaluru,"IFC, Ventures India",Series C,114859000,2022-05-08
1069,FarmBox,EdTech,UpSkilling,Delhi,A91 Partners,Series C,20855000,2025-02-16
1070,AeroStack,EdTech,UpSkilling,Noida,Bessemer Venture Partners,Series C,65394000,2024-03-29
1071,AutoStack,FinTech,WealthTech,Gurugram,Zodius Capital,Series C,71157000,2020-03-07
1072,Lenskart,FinTech,WealthTech,Gurugram,"Elevation Capital, Ribbit Capital, Y Combinator",Series C,22619000,2023-12-29
1073,Swiggy,FinTech,WealthTech,Hyderabad,"Peak XV, Zodius Capital",Series C,120661000,2024-05-22
1074,NextSense,Consumer Electronics,Wearables,Gurugram,Elevation Capital,Series C,150998000,2021-08-11
1075,CoreFlow,Consumer Electronics,Wearables,Pune,Zodius Capital,Series C,180699000,2024-07-30
1076,FreshBox,Consumer Electronics,Wearables,Pune,"Accel, Ribbit Capital",Series C,42802000,2022-09-24
1077,Meesho,Enterprise,Automation,Chennai,"IFC, Zodius Capital",Series D,55224000,2021-02-25
1078,GreenConnect_630,SaaS,B2B SaaS,Delhi,"Elevation Capital, Zodius Capital",Series D,258416000,2023-09-28
1079,AgriHive,FoodTech,Cloud Kitchen,Mumbai,Y Combinator,Series D,174427000,2024-02-04
1080,HomeFoods,Media,Content,Gurugram,"Omidyar Network, Prosus Ventures",Series D,482361000,2020-02-17
1081,Mobikwik,SaaS,DevTools,Mumbai,"Sequoia Capital India, Ventures India",Series D,63545000,2022-06-18
1082,FreshToHome,SaaS,DevTools,Noida,Elevation Capital,Series D,489935000,2024-10-22
1083,QuantumDrive,Retail,Fashion,Bengaluru,"Sequoia Capital India, Y Combinator",Series D,54120000,2024-04-16
1084,Lenskart,Retail,Fashion,Kolkata,Accel,Series D,252342000,2025-02-26
1085,Udaan,E-commerce,Fashion,Gurugram,"Peak XV, Ventures India",Series D,252031000,2021-11-28
1086,AgriSense,Retail,Fashion,Ahmedabad,"A91 Partners, Bessemer Venture Partners",Series D,458292000,2021-09-08
1087,FreshSolutions,FoodTech,Food Delivery,Mumbai,Bessemer Venture Partners,Series D,290119000,2022-10-21
1088,FoodSolutions,FoodTech,Grocery,Delhi,Ventures India,Series D,367311000,2023-09-12
1089,AutoFlow_933,FoodTech,Grocery,Bengaluru,"Kalaari Capital, Zodius Capital",Series D,167749000,2021-10-23
1090,LogiMart_960,Retail,Grocery,Delhi,"LCatterton, Lightspeed India",Series D,60502000,2025-06-06
1091,Freshworks,SaaS,HRTech,Mumbai,"Elevation Capital, Kedaara Capital",Series D,59295000,2021-11-06
1092,SkillRise,Logistics,Last Mile,Gurugram,Matrix Partners India,Series D,246176000,2021-11-09
1093,NeoSense,RealEstate,Rental Tech,Noida,"Elevation Capital, Nexus Venture Partners",Series D,396775000,2022-06-30
1094,Porter,AgriTech,Smart Farming,Delhi,"A91 Partners, Sequoia Capital India",Series D,384546000,2025-05-07
1095,SkillFlow,Media,Social,Chennai,"Kedaara Capital, Nexus Venture Partners",Series D,177214000,2020-08-02
1096,Rapido,Media,Streaming,Chennai,"Omidyar Network, Sequoia Capital India",Series D,78480000,2024-04-27
1097,Oyo,Logistics,Supply Chain,Kolkata,Tiger Global Management,Series D,117757000,2023-11-03
1098,ClearTax,AgriTech,Supply Chain,Delhi,"Omidyar Network, Ribbit Capital, Ventures India",Series D,248669000,2021-12-15
1099,Unacademy,Logistics,Supply Chain,Pune,Tiger Global,Series D,130783000,2023-07-23
1100,HealthRise,FinTech,WealthTech,Mumbai,Bessemer Venture Partners,Series D,214425000,2023-08-24